id,main_character,alts,points_earned,points_spent,points_adjusted,points_current
3547,Aacam,[],463,212,0,251
4397,Aaeuvien,"[(4681, 'Braesong'), (4873, 'Dabnay')]",152,113,11,50
4010,Aafdular,[],0,0,0,0
2677,Aagent,[],27,0,-27,0
4651,Aardvarkicus,[],24,0,0,24
93,Aartz,[],0,14,14,0
590,Aarwyn,[],0,0,0,0
5012,Abracatdabra,[],0,0,1,1
94,Absolve,"[(2313, 'Adingo'), (2312, 'Babar'), (558, 'Eronius'), (2231, 'Gnomerdamus'), (2251, 'Oroton')]",8940,10150,3041,1831
595,Acemetacin,[],0,0,0,0
95,Adem,"[(2575, 'Awoe')]",181,82,27,126
704,Adjacent,[],0,0,0,0
96,Adoria,[],750,674,73,149
4649,Adruid,[],6,0,0,6
3373,Aedna,[],0,0,0,0
3965,Aeglos,[],61,0,0,61
774,Aego,[],3,0,0,3
4540,Aegror,[],15,0,0,15
610,Aejir,[],0,0,0,0
4732,Aengar,"[(2978, 'Colburn'), (2967, 'Rikkaz')]",51,0,3,54
4590,Aerithyiel,[],0,0,0,0
3958,Aervine,"[(4000, 'Aerine'), (2401, 'Fendwer')]",225,33,3,195
3097,Aeryan,[],6,0,0,6
4695,Aeuamar,[],0,0,9,9
97,Aftig,"[(730, 'Caris'), (2299, 'Halftig'), (2652, 'Xoloth'), (729, 'Zaftig'), (2896, 'Zahn'), (559, 'Zalir'), (731, 'Zaljin')]",3860,3230,205,835
2802,Aillawen,"[(3059, 'Aedineniel'), (2804, 'Gaiffo'), (4168, 'Rabiata'), (2803, 'Sumppen')]",584,128,7,463
2772,Airmental,[],0,0,0,0
3401,Airythia,"[(3940, 'Elowehn'), (4004, 'Esmeray')]",1974,952,416,1438
98,Aitiera,"[(560, 'Wenanei')]",6,36,108,78
3110,AiYume,[],24,3,3,24
2765,Ajay,"[(4948, 'Metheus'), (3642, 'Patek'), (3051, 'Talvas')]",5598,4848,161,911
4606,Ajja,[],0,0,0,0
4034,Akayus,[],15,0,0,15
3600,Akkuji,[],3,0,9,12
4789,Aksala,[],24,0,0,24
4280,Alamina,"[(4308, 'Alammchealer'), (4349, 'Bowshield'), (4544, 'Gorlaa'), (4327, 'Nancynuke'), (4824, 'Pspspsps'), (4954, 'Quadmina'), (4682, 'Records'), (4691, 'Warmina')]",7371,8448,1283,206
99,Aledrin,[],0,3,21,18
100,Alewolf,[],0,54,54,0
3313,Almarr,[],0,0,0,0
562,Alphash,[],0,0,0,0
101,Alphatango,[],0,0,18,18
102,Alphaxzm,[],0,17,22,5
103,Altariel,[],0,27,93,66
4710,Althorx,[],3,0,0,3
4951,Altimer,[],1,0,0,1
3699,Altura,[],0,0,0,0
3737,Alufar,"[(3738, 'Crimsonfury'), (4007, 'Retnahcne'), (4008, 'Tinytots'), (3735, 'Zubmuk')]",1183,1074,-109,0
104,Alundra,"[(513, 'Abramm'), (2304, 'Cordii'), (564, 'Levii')]",44,160,174,58
4812,Alurian,[],0,0,9,9
3781,Alustriana,[],0,0,9,9
4675,Aluyendil,[],0,0,0,0
3064,Amyee,"[(3096, 'Irwarr'), (3094, 'Magedman')]",167,0,47,214
2728,Amzee,[],0,0,0,0
3581,Anaesthesia,[],3,0,0,3
105,Anarkey,"[(2617, 'Brujeria')]",67,0,11,78
42,Andus,"[(744, 'Chaparooski'), (565, 'Gathorne'), (2298, 'Schmandus'), (2297, 'Slapt')]",109,490,404,23
21,Anemone,"[(2729, 'Smitherton'), (2324, 'Trickki')]",1705,2225,520,0
106,Apathe,"[(2264, 'Apath'), (566, 'Evellyn'), (514, 'Fendalyn'), (770, 'Fendolyn'), (2263, 'Madeleine'), (2262, 'Nicebite')]",6248,7810,1628,66
4574,Apeirophobia,[],2560,2481,138,217
40,Apnea,"[(4291, 'Amused'), (4160, 'Fuan'), (4580, 'Isshoukenmei'), (567, 'Lantithesi'), (3070, 'Masqt'), (3073, 'Mustardchugger'), (3074, 'Roddypiper'), (4445, 'Wwww')]",10474,12212,2379,641
3907,Apophos,[],77,0,9,86
4005,Apurrcalypse,[],48,0,0,48
3453,Aralim,"[(4179, 'Modesto'), (4394, 'Noobnoob'), (3452, 'Peronys')]",5382,5791,421,12
3008,Arcajin,"[(3009, 'Nektro')]",0,0,3,3
3053,Archaides,[],12,0,0,12
107,Argose,[],0,0,9,9
2609,Ariz,"[(2613, 'Malikaa')]",12,0,3,15
3578,Arkanjil,[],3,0,0,3
3114,Armant,"[(3145, 'Hiphopopottamus'), (3115, 'Landu'), (3116, 'Silbersky')]",49,0,3,52
108,Arrah,[],0,371,371,0
2377,Arranla,[],0,0,0,0
2405,Array,[],77,0,0,77
2402,Artur,[],2,0,0,2
67,Arvan,"[(2254, 'Andromache'), (569, 'Wilroar')]",7848,8535,1092,405
3050,Ashammael,"[(3220, 'Azmodean')]",1738,1471,3,270
2679,Asilelad,[],3,0,0,3
109,Askin,"[(2408, 'Ballzie'), (570, 'Ballzo'), (2431, 'Healzo'), (2227, 'Nukzo'), (2314, 'Papor'), (2252, 'Pappa'), (515, 'Singzo')]",427,1005,578,0
3554,Asmerelda,"[(3556, 'Liue'), (3679, 'Rosin'), (3744, 'Warrol')]",1863,1941,49,-29
110,Assn,[],0,3,9,6
111,Atin,[],573,0,36,609
112,Atira,"[(3445, 'Altira'), (3031, 'Esosea'), (3032, 'Kathira'), (571, 'Rianu'), (2873, 'Takkee')]",5270,3858,442,1854
113,Atlana,"[(572, 'Arenold'), (3791, 'hillory'), (2979, 'hisstory'), (2880, 'Katheryne'), (3792, 'slipps')]",759,460,30,329
3788,Atpaev,[],6,0,0,6
114,Atratis,[],0,0,28,28
3253,Atraxes,[],78,22,9,65
115,Attrina,"[(573, 'Sevenn'), (2889, 'Skalick')]",36,0,60,96
522,Atuke,[],0,0,0,0
3601,Audite,[],0,0,9,9
3611,Aumnayyan,[],12,0,0,12
3331,Auranote,"[(3332, 'Aurasin')]",2902,3029,271,144
3430,Authora,"[(4393, 'Berzerkz')]",366,400,37,3
4176,Avalansh,"[(4178, 'Brogade'), (4177, 'Vehho')]",105,0,9,114
4039,Axolion,[],15,0,0,15
3853,Ayir,[],3,0,0,3
116,Ayzon,[],0,0,78,78
2780,Azini,"[(2782, 'Kadaru')]",3,0,0,3
117,Azlaug,[],0,41,63,22
4416,Azury,[],10,0,0,10
3161,Azzudar,[],6,0,0,6
2756,Baadboye,"[(3434, 'Baadbaye'), (2713, 'Biigboye'), (2908, 'Boyee'), (3461, 'Boyeeeet'), (3111, 'Goodeboye'), (3289, 'Laboye'), (3657, 'Vecnas'), (5000, 'Vermacs')]",10956,12327,1660,289
2215,Babaeng,[],3,0,0,3
2614,Babooya,[],4,0,0,4
118,Babyshogun,[],42,74,38,6
688,Bacon,[],0,0,0,0
4136,Badcarma,[],0,0,0,0
48,Bageljuice,"[(2739, 'Bagelicious'), (575, 'Bagely'), (2572, 'Baygella'), (3291, 'Mygasa'), (517, 'Sheesha'), (741, 'Zolli')]",8057,9869,2193,381
3816,Bainga,"[(3525, 'Cadince'), (3811, 'Rashenel'), (4495, 'Treefifty'), (2353, 'twaddle')]",169,0,0,169
4526,Balden,"[(4739, 'Bakz'), (4063, 'Grindril'), (4529, 'Jenemdar'), (4528, 'Kharx'), (4520, 'Mortz'), (4527, 'Taglios'), (4525, 'Witon'), (4524, 'Xarake')]",2817,2539,206,484
119,Baldi,[],0,10,27,17
3310,Balimore,[],0,0,0,0
2883,Ballandchain,"[(3045, 'Prulyassa'), (3129, 'Pudgykitten')]",235,207,0,28
120,Bames,[],0,14,22,8
2210,Bammyshammy,"[(2319, 'Creeance'), (2318, 'Dwarban'), (2265, 'Portsishall'), (2690, 'Thassarian')]",212,212,27,27
4556,Bandie,"[(4557, 'Shutrmcgavin')]",63,0,9,72
2214,Banesblade,[],3,0,0,3
4027,Bardtholemu,"[(4028, 'Fystman'), (4026, 'Mezzimo'), (3978, 'Necrodix'), (3886, 'Stavrogin')]",421,352,0,69
611,Barkle,[],0,0,0,0
577,Barman,[],0,0,0,0
4050,Barshum,"[(4066, 'Allantia'), (4417, 'Dunblain'), (4092, 'Eyry'), (4061, 'Lithro'), (4093, 'Tulda'), (4834, 'Xithro')]",5235,6141,1152,246
3821,Bartowski,[],3,0,0,3
2488,Basyne,[],7,0,0,7
629,Bayne,"[(264, 'Kantan'), (4886, 'Littlebanana'), (4888, 'Muffin'), (2546, 'Plaguedoctor'), (4928, 'Spyhunter')]",1082,974,81,189
122,Bearie,"[(576, 'Slae')]",1291,1314,245,222
3573,Bebestorm,[],6,0,9,15
766,Bedwin,[],8,0,0,8
568,Behan,[],0,0,0,0
4211,Beilein,[],3,0,1,4
3268,Belgus,[],6,0,0,6
4378,Belllatrix,[],27,0,6,33
3288,Benisato,[],6,0,0,6
3992,Beradd,"[(4195, 'Tflex'), (462, 'Tpex')]",1267,1199,88,156
2468,Berserked,[],1,0,0,1
2403,Bess,"[(3327, 'Bessa')]",1535,1304,10,241
3711,Bethanny,[],3,0,0,3
4815,Bhala,"[(3843, 'Naropa'), (2478, 'Stefon')]",288,67,6,227
3309,Bigerma,"[(3321, 'Dinosaurs'), (3320, 'Laundrybasket')]",23,0,0,23
3973,Bigiss,[],0,0,0,0
4760,Bigrocc,"[(3402, 'Itsway')]",115,0,9,124
4618,Billbrobaggins,[],1,0,0,1
2247,Bimurani,[],3,0,0,3
3598,Bindail,"[(3535, 'Gargalen'), (4932, 'Kimmim'), (4284, 'Kukthar'), (4550, 'Likestwobebound'), (4804, 'Pathtracker'), (4285, 'Rasrarna'), (4589, 'Suasy'), (3753, 'Whezard')]",4350,4063,103,390
2530,Bish,[],9,0,0,9
2907,Bisquit,"[(3002, 'Hipps'), (3003, 'Jietoh'), (2928, 'Xinlu')]",246,0,4,250
45,Bista,[],266,730,548,84
3770,Bizaaro,"[(3771, 'Platfor'), (4381, 'Tidewater')]",1461,1356,15,120
4239,Blade,[],3,0,0,3
2245,Blanko,[],3,0,0,3
4011,Blanner,[],0,0,0,0
4436,Bleauxe,[],0,0,9,9
2448,Blerghy,"[(2593, 'Snuglez')]",638,662,24,0
717,Blerv,"[(3254, 'Chapman'), (4384, 'Corinnia'), (2505, 'Jangles'), (2859, 'Poofed'), (2858, 'Snaggles'), (3023, 'Solara'), (3736, 'Thumosis'), (484, 'Vojun')]",5396,5382,689,703
2361,Blodreina,"[(284, 'Kovi')]",483,456,66,93
2676,Bloodmobile,"[(2919, 'Alishan'), (2891, 'Callcall'), (4125, 'Sevensword')]",260,0,0,260
672,bluberri,[],0,0,0,0
4109,Bobbumman,"[(4302, 'Jangleleg')]",1647,1473,9,183
3864,Bogswaggle,"[(3866, 'Layereight')]",15,0,0,15
3195,Bolur,[],12,0,0,12
3245,Bonemarrow,[],15,0,0,15
2784,Booberry,"[(2785, 'Giggeloo')]",24,0,3,27
3820,Boomkitty,[],109,0,0,109
2877,Bopp,[],9,0,3,12
2239,Borgre,[],3,0,0,3
4359,Borgulet,"[(4362, 'Batchelder'), (4363, 'Dundamer'), (4404, 'Larvell'), (4360, 'Lithgow'), (4361, 'Mudfun')]",151,0,23,174
123,Bounky,[],0,0,30,30
692,Bowjobb,[],0,0,0,0
2230,Bowquisha,[],3,0,0,3
124,Bowrat,[],0,361,361,0
3212,Braegid,[],3,0,0,3
2899,Braellar,"[(2900, 'Vaell')]",0,0,0,0
3869,Braemble,[],3,0,0,3
4272,Branamuffin,"[(4273, 'Bananabread'), (4271, 'Brandio'), (4275, 'Brandis'), (4274, 'Brandus'), (4293, 'Toastybuns')]",171,0,12,183
4660,Brayke,[],15,0,0,15
125,Breadlust,[],0,0,7,7
3499,Breaksdar,[],6,0,0,6
3498,Breaksdar Morningmist,[],0,0,9,9
2325,Breanah,[],26,0,0,26
4355,Breauxseidon,[],69,0,9,78
2726,Breezeboy,[],0,0,0,0
2721,Briefs,[],0,0,0,0
3060,Brobeard,[],12,0,0,12
127,Broccolii,[],0,52,249,197
2436,Broceliande,[],3,0,0,3
128,Bromins,"[(2258, 'Canniba'), (4193, 'Flowky')]",4565,4854,431,142
3593,Bronsun,[],0,0,0,0
129,Brunhildr,[],0,11,33,22
2663,Bruxxia,"[(3423, 'Hoagiesammy'), (3707, 'Wrakx')]",504,480,-24,0
4290,Buckleup,[],0,0,0,0
2985,Bukayag,[],18,0,0,18
2710,Bullwinkle,[],0,0,0,0
4942,Bunder,[],0,0,0,0
4110,Buub,[],36,0,0,36
3524,Bynarr,[],4,0,0,4
3157,Caedotheseventh,"[(3049, 'Caedothesecond')]",1779,1651,123,251
3935,Caelestia,[],3,0,9,12
781,Caelif,[],4,0,0,4
4487,Caffiene,[],6,0,0,6
4551,cakabute,"[(4638, 'Hawlin'), (4554, 'Orrinporter'), (4555, 'Rammranch'), (4552, 'Starrinnat'), (4553, 'Wuuuut')]",282,0,9,291
4150,Calciumsaw,[],3,0,0,3
2994,Caligular,"[(2998, 'Allas'), (3000, 'Callay'), (4187, 'Coven'), (2999, 'Lordix'), (2995, 'Neckbird'), (2996, 'Shawtgun'), (2997, 'Thauvur'), (4248, 'Threatlevel'), (3948, 'Zeedroid')]",951,563,-388,0
130,Calive,[],0,27,105,78
4126,Call,[],0,0,0,0
4624,Callvados,[],0,0,9,9
578,Calmer,[],0,0,0,0
131,Cambiata,[],0,6,12,6
4068,Camden,"[(4069, 'Draxis'), (4070, 'Malfurionn')]",53,0,9,62
4469,Camoan,[],1,0,0,1
132,Canelek,[],0,0,12,12
3048,Canker,"[(3328, 'Bury'), (3056, 'Gobius'), (3103, 'Jobe'), (3102, 'Wrecked')]",825,922,226,129
133,Canna,[],0,0,12,12
134,Capricious,"[(2270, 'Acidious'), (2519, 'Barrister'), (2520, 'Bettyboop'), (2266, 'Dawkta'), (2517, 'Greywurm'), (2268, 'Kalama'), (2269, 'Kazzim'), (2267, 'Lillybelle'), (2426, 'Martee'), (516, 'Miniblast'), (2516, 'Roopa'), (2518, 'Sinclair'), (580, 'Wildtone')]",3597,3878,363,82
2218,Carr,"[(153, 'Darula'), (2570, 'Darulaa'), (3594, 'Darulaah'), (3442, 'Darulah')]",5589,6569,1100,120
2992,Carramia,[],0,0,0,0
3705,Carrin,"[(4083, 'Earon'), (4740, 'Kalion'), (4486, 'Vrakk')]",3324,3238,586,672
135,Castlle,[],0,0,11,11
2427,Catdapusea,"[(4208, 'Binominy'), (3847, 'Rdivine')]",129,154,52,27
2904,Caterwaul,[],15,0,3,18
2778,Catfisch,[],57,0,0,57
2783,Cathedrall,[],64,3,3,64
2532,Catlady,[],75,0,1,76
4025,Catzi,"[(4423, 'Catsmeow'), (4023, 'Cuanzi'), (4422, 'deathcon'), (4746, 'Rhuh'), (4921, 'Wheezen')]",4898,4997,461,362
4909,Cazlo,[],0,0,9,9
2791,Cekk,"[(3071, 'Inne')]",28,0,0,28
581,Cellebate,[],0,0,0,0
136,Cellebrinn,[],0,0,28,28
4826,Ceridwenne,"[(4840, 'Nymianne')]",48,0,9,57
4475,Chadbrochill,[],1,0,0,1
7,Chakfor,"[(2406, 'Bromeopathic'), (582, 'Cerudian'), (3451, 'Chakfu'), (2762, 'Krennadar'), (3262, 'Noticemee'), (2892, 'Shamncheese'), (3134, 'Twiggin')]",5049,5815,1186,420
4344,Chanterstyle,"[(3971, 'Ganishka')]",1205,904,12,313
137,Charlette,[],0,0,8,8
3404,Charliescene,[],3,0,0,3
138,Charmedlife,[],0,45,87,42
3494,Charmzilla,[],6,0,0,6
139,Chartreuse,"[(2525, 'Hagaar')]",139,245,269,163
3522,Cheechee,[],4,0,0,4
2727,Cheetoe,[],0,0,0,0
141,Cherangel,[],0,0,11,11
613,Chickenfoot,[],0,0,0,0
142,Chikin,"[(2567, 'Aepple'), (585, 'Bevrly'), (2438, 'Bighank'), (3879, 'Dmex'), (2449, 'Macmahone'), (3877, 'Manbuns'), (2435, 'Pijan'), (3647, 'Plissken'), (2838, 'Ydnar')]",6358,7708,1799,449
4045,Chishiya,"[(4726, 'Shibuki')]",4834,3452,97,1479
4741,Chlaby,[],3,0,0,3
2687,Choklit,"[(2706, 'Meathanger')]",104,3,-101,0
143,Cinadien,[],0,0,19,19
144,Cinu,"[(3192, 'Airra'), (2897, 'Cinderrella'), (2311, 'Ginu'), (3193, 'Myga'), (2206, 'Myni'), (586, 'Neya'), (2819, 'Sinu')]",4599,5126,608,81
145,Clerically,"[(2441, 'Foxone'), (2437, 'Gluebert'), (2442, 'Swiftnomad')]",98,162,89,25
3815,Cleroen,"[(3502, 'Baroen'), (3470, 'Druoen'), (2796, 'Monkoen'), (2795, 'Necroen'), (3932, 'Rogoen'), (2787, 'Shamoen'), (3772, 'Sharks'), (4505, 'Skoen'), (4409, 'Wizoen')]",6888,6643,36,281
3858,Clevinger,"[(3859, 'Iodrin'), (3969, 'Llamativo'), (3960, 'Lokill'), (4282, 'Norose')]",411,45,12,378
4793,clorth0,[],0,0,0,0
2256,Cmeod,[],1,0,17,18
683,Coldgreysky,[],0,0,0,0
4613,Comage,[],0,0,0,0
146,Comkast,[],0,0,5,5
2993,Compton,[],231,144,3,90
4317,Conniee,[],0,0,0,0
3148,Cooki,[],51,0,0,51
2579,Copeus,[],22,0,0,22
2681,Corelat,[],1236,922,0,314
2209,Corgic,[],15,0,1,16
4781,Cormin,"[(4782, 'Cakeholder'), (4841, 'Dentarthurdent'), (4780, 'Drabonraber'), (4902, 'Glamhoth'), (4783, 'Valkair')]",836,823,116,129
3109,Corrie,"[(4669, 'Anthraxx'), (4667, 'Dynotuned'), (3381, 'Hidati'), (3604, 'Idlehealz'), (3162, 'Kunja'), (4668, 'Micko'), (4095, 'Simpley'), (3380, 'Torps')]",2906,3300,439,45
4559,Cothmanrandy,[],0,0,0,0
3340,Cottonbaler,"[(3408, 'Oopsimezzed'), (3613, 'Vilheim'), (4148, 'Zolan')]",1908,1880,2,30
147,Courtinae,"[(518, 'Bellaisima'), (2552, 'Inamerata'), (2515, 'Lyriielie'), (2980, 'Sasse'), (4094, 'Tinybot')]",2745,3389,842,198
4755,Crapmonk,[],0,0,0,0
5018,Crawdadman,[],6,0,0,6
3441,Crazylegz,[],12,0,0,12
148,Crikee,[],0,9,28,19
3174,Crinekx,"[(3240, 'Airyth'), (4343, 'Blueserver'), (3238, 'Mistahapie'), (3706, 'Mistavox'), (3809, 'Mistavz'), (4020, 'Sarzana')]",4153,3651,26,528
3191,Croyd,[],48,0,0,48
3797,Cryptbeast,"[(4501, 'Cryptdeacon'), (5053, 'Cryptdisease'), (4523, 'Cryptfu'), (4342, 'Crypticdeath'), (3829, 'Crypticmelody'), (4903, 'Cryptlooter'), (4671, 'Cryptspirit'), (4659, 'Msbhaven')]",4709,4799,200,110
3956,Cryt,[],3,0,0,3
3149,Cultura,"[(3151, 'Fattyfatty')]",82,26,3,59
4439,Curacao,"[(4985, 'Maliox')]",327,195,9,141
2560,Cybilant,[],3,0,0,3
2331,Daausk,"[(2333, 'Azraella'), (2334, 'Dauklemar'), (3170, 'Domik'), (2337, 'Dominious'), (2343, 'Domis'), (2332, 'Domisk'), (2338, 'Domiskis'), (2339, 'Domisks'), (2342, 'Domiskus'), (2340, 'Mundulen'), (2335, 'Trayell'), (2341, 'Viell'), (2336, 'Wardom')]",896,588,28,336
149,Daemec,[],0,0,12,12
3496,Daerim,"[(4256, 'Azgdar')]",19,0,9,28
3559,dahlnaria,[],0,0,0,0
56,Dainae,"[(58, 'Berik'), (57, 'Byee'), (2381, 'Cneasaigh'), (4420, 'Codlatach'), (2398, 'Nokio'), (2382, 'Paebst')]",3213,3543,520,190
150,Dajebus,"[(2697, 'Fickle'), (588, 'Gnosoup')]",136,64,167,239
4040,Daliely,[],15,0,0,15
2622,Dalinkwent,[],6,0,0,6
2555,Dalv,"[(3211, 'Luvluv')]",88,63,0,25
4623,Damalen,[],170,90,9,89
4581,Dangerish,"[(4582, 'Delish'), (4584, 'Omagosh'), (4583, 'Thrasha')]",120,87,9,42
151,Dankstankie,[],0,0,18,18
3478,Dantric,"[(764, 'Sarec'), (2428, 'Silvaen')]",15,0,0,15
2241,Danube,[],3,0,0,3
3231,Danyis,"[(4276, 'Ickthis'), (4277, 'Sideshowe')]",922,594,35,363
3471,Dapokie,"[(3627, 'Brodobaggins'), (3512, 'Meditaysh'), (4506, 'Thordoff')]",5471,5326,74,219
4352,Darborg,[],3523,3055,102,570
2464,Darcdemon,[],9,0,0,9
4629,Dareis,[],3,0,0,3
2786,Darkopal,[],5,0,3,8
4165,Darpey,[],41,0,9,50
2291,Darstan,"[(2473, 'Auspix'), (2474, 'Casteel')]",75,9,0,66
154,Daryna,[],0,44,53,9
155,Dashkto,[],5,0,6,11
12,Davitt,"[(4685, 'Berenson'), (3012, 'Crou'), (4346, 'Diarmada'), (3539, 'Grimbly'), (539, 'Harbaugh'), (2709, 'Haydien'), (359, 'Parnell'), (4062, 'Voxlady')]",4823,5150,555,228
2483,Deadster,[],3,0,0,3
3086,Deathangle,"[(3386, 'Chronoo')]",120,71,9,58
156,Deathbomb,[],0,0,6,6
157,Deathrip,[],0,18,22,4
2696,Decayis,"[(3395, 'Mycelious'), (3739, 'Rottis'), (3219, 'Zannis')]",70,9,13,74
2653,Decoyboy,[],6,0,15,21
4129,Deesthorns,[],3,0,0,3
4202,Deewane,[],9,0,0,9
2631,Defttonez,[],84,17,0,67
4722,Defz,[],3,0,0,3
27,Dekayd,"[(2287, 'Airie'), (2843, 'Bramven'), (2283, 'Camien'), (2286, 'Docturr'), (2289, 'Kakul'), (2856, 'Kandavil'), (2282, 'Midrange'), (327, 'Milander'), (2288, 'Mukal'), (655, 'Phirebolt'), (2284, 'Shamscale'), (2285, 'Widdal'), (2290, 'Xuji')]",2435,2682,402,155
4084,Dekton,[],0,0,9,9
158,Denanzin,[],0,0,13,13
591,Denanzon,[],0,0,0,0
159,Derack,[],0,0,8,8
632,Descimus,[],0,0,0,0
552,Deshawn,[],0,0,0,0
4706,Desiever,[],3,0,0,3
4911,Designated,"[(4912, 'Dingers'), (4863, 'Goldglove')]",333,55,27,305
5016,Desparate,"[(5017, 'Bronnn'), (5014, 'Carnosaur'), (5028, 'Congi'), (5029, 'Desperato'), (5021, 'Faezlan'), (5027, 'Kkobe'), (5024, 'Lunacity'), (5019, 'Nurdati'), (5022, 'Ombiassa'), (5020, 'Vayniria'), (5026, 'Vori'), (5025, 'Vydka'), (5023, 'Vytex')]",143,0,1,144
4012,Deuterrium,[],3,0,0,3
160,Dewios,[],0,0,9,9
4127,Dezah,[],3,0,0,3
4719,Dhadbhod,[],3,0,0,3
3052,Dhong,[],3,0,0,3
2526,Dhurd,[],341,68,4,277
2870,Diago,"[(3875, 'Cerumen'), (3341, 'Cerumin'), (5054, 'Kohryo'), (4332, 'Rohki'), (2982, 'Tohki'), (3934, 'Traumo')]",12211,14269,2962,904
161,Diamek,[],0,0,24,24
2828,Diefu,[],0,0,0,0
162,Diehard,[],0,0,32,32
3937,Dippen,"[(3936, 'Gamal'), (4073, 'Rulux'), (4072, 'Slowlie')]",517,466,15,66
4502,Discombubulator,[],6,0,0,6
4227,Dismemberment,"[(4230, 'Avengelyne'), (4229, 'Bobbidiboo'), (4813, 'Catcultist'), (4536, 'Kalavick'), (4228, 'Nedorelis'), (4231, 'Sivle')]",5066,5717,1084,433
2236,Dizsco,[],3,0,0,3
2675,Dizzyy,[],498,187,0,311
3607,Djoker,"[(2356, 'Acenter'), (4516, 'Cathat'), (2364, 'Derileek'), (4055, 'Icesilk'), (2879, 'Kabbo'), (4999, 'Suited'), (471, 'Ugoogalizer')]",1793,1785,16,24
4835,Doctorfun,"[(4348, 'Crashfacer')]",60,0,3,63
597,Dogofwarjr,[],0,0,0,0
35,Dokka,"[(594, 'Blackloc'), (2915, 'Chakram'), (2217, 'Dopeness'), (4560, 'Hydn'), (4561, 'Konoe'), (2916, 'Zore')]",4791,5139,395,47
3587,Doktyr,"[(4845, 'Bikel'), (4413, 'Elandrea'), (4402, 'Hrolfir'), (3588, 'Raavak'), (3586, 'Rakpartha'), (3589, 'Tonisha'), (3602, 'Whitnay')]",7028,8351,2031,708
3264,Domestique,[],6,0,3,9
2463,Domodo,[],229,30,9,208
4876,Donatien,[],3,0,0,3
3374,Donngrezz,[],12,0,0,12
707,Doomfeather,[],0,0,0,0
4298,Doozle,"[(4300, 'Izzlayn'), (4299, 'Rizzel')]",1037,738,72,371
4735,Dorthie,[],6,0,0,6
603,Draap,[],0,0,0,0
4181,Dragonstalker,[],6,0,0,6
2779,Drakakool,[],24,0,0,24
164,Drakkall,[],0,162,178,16
3769,draula,[],0,0,0,0
3269,Draviene,"[(4700, 'Longbeau'), (3910, 'Porkchawp'), (3022, 'Rlaiel'), (3832, 'Sandyclaws'), (4699, 'Werthers')]",9684,10068,467,83
3995,Drazarius,"[(3491, 'Fovok'), (3894, 'Nizou')]",36,0,0,36
633,Drazix,"[(273, 'Keltoth'), (4326, 'Nurmis')]",15,9,44,50
686,Dread,[],3,0,0,3
3356,Drgn,[],2445,0,237,2682
165,Drgoat,[],0,0,45,45
4091,Drippey,[],354,202,20,172
166,Drixxl,[],0,0,15,15
3656,Droobie,[],21,0,0,21
2538,Dropdead,[],2,0,0,2
167,Drulras,[],3,41,67,29
4209,Drummer,"[(4933, 'Clutchbump'), (4686, 'Jobeken'), (4292, 'Vokator')]",3141,3101,85,125
168,Dryth,"[(596, 'Borguk'), (523, 'Genau'), (2260, 'Kelle')]",0,149,172,23
710,Dtrump,[],0,0,0,0
4449,Dubl,"[(4451, 'Iamsom')]",57,0,24,81
64,Duckey,"[(68, 'Balid'), (65, 'Ducke'), (66, 'Hitpointt')]",108,662,576,22
3043,Duegan,"[(181, 'Etney'), (3623, 'Impulze')]",476,301,93,268
169,Dukkil,"[(2328, 'Plastered')]",144,138,-6,0
4872,Dullen,"[(4925, 'Pholinis')]",554,401,27,180
4492,Dunkcharms,[],6,0,0,6
4849,Dunkeroo,[],162,180,21,3
170,Dunkmeister,[],0,0,9,9
171,Durkon,[],0,0,15,15
2943,Dustinbones,"[(2944, 'Rasalghul')]",6,0,9,15
172,Dutche,"[(2409, 'Midnyte'), (2410, 'Shadez')]",18,118,116,16
2219,Dybwin,"[(4358, 'Dobbit'), (2329, 'Mebsis')]",5789,6263,744,270
652,Ebene,[],0,0,0,0
4926,Ecksai,"[(4965, 'Ganjika'), (4983, 'Jesters'), (4982, 'Medisin')]",331,0,15,346
173,Edam,[],0,0,12,12
2486,Edivor,[],31,0,0,31
3723,Eeni,[],0,0,0,0
3605,Eeraden,[],108,33,0,75
3172,Effan,[],78,0,0,78
2988,Eggos,[],9,0,0,9
174,Egra,[],0,0,5,5
2986,Ehante,[],3,0,0,3
2836,Eighttrack,[],5,0,3,8
4479,Eisheth,[],1,0,0,1
4356,Eldarnos,[],25,0,9,34
4288,Eldwin,"[(4289, 'Nudd')]",54,0,-54,0
4329,Eliyria,"[(4895, 'Arashia')]",349,77,9,281
3608,Ellyan,[],83,0,12,95
4108,Ellyria,[],0,0,0,0
4720,Elouis,[],3,0,0,3
2588,Elouvya,[],24,0,0,24
5033,Elrand,[],9,0,0,9
3516,Elrindil,[],4,0,0,4
175,Elsbeth,[],0,20,43,23
3476,Emeyya,"[(2699, 'Effemi'), (2497, 'Effenu'), (29, 'Emevvi'), (178, 'Ennewi'), (4267, 'Eveggi'), (775, 'Eyenni')]",9861,10044,618,435
2450,Emmea,"[(2471, 'Beardina')]",101,116,35,20
2261,Empathil,[],0,0,0,0
176,Emptycloud,[],0,11,20,9
177,Encant,"[(2201, 'Aewin'), (2202, 'Castamere'), (3218, 'Catnen'), (599, 'Hamor'), (3197, 'Mercyl'), (3286, 'Nectan'), (2628, 'Tannec'), (525, 'Tencan'), (2259, 'Tepex')]",424,184,-240,0
606,Encantri,[],0,0,0,0
4969,Enchantado,"[(2374, 'Oakson')]",3148,3139,24,33
4968,Enchantando,[],0,0,0,0
3294,Enchantrycks,[],0,0,0,0
2961,Endlessq,[],16,0,0,16
4435,Endorra,"[(4444, 'Holynite'), (4443, 'Maksima')]",424,200,37,261
9,Enessae,"[(600, 'Encrypt'), (746, 'Enessair'), (2504, 'Ennesae'), (526, 'Ensensae'), (3062, 'Ensync')]",2802,3336,534,0
4852,Engages,[],6,0,0,6
3828,Eniaden,"[(3890, 'Enaden')]",263,106,-157,0
4564,Ennzzo,[],30,0,0,30
4183,Enthall,"[(3671, 'Anarkhee'), (3780, 'Annar'), (3626, 'Buffu'), (3669, 'Fixu'), (3949, 'Schon'), (3670, 'Sticku'), (4400, 'Summu'), (3668, 'Urrp')]",589,300,9,298
3473,Environment,[],9,0,0,9
179,Enydar,[],185,114,22,93
180,Erekshen,[],0,0,3,3
4934,Erisia,[],284,222,10,72
4335,Erthork,[],3,0,0,3
3725,Eshaton,[],0,0,0,0
3941,Esmerelda,[],0,0,0,0
182,Euph,[],0,0,6,6
630,Evelynfox,[],0,0,0,0
3704,Evillain,[],72,0,0,72
2660,Ewezzii,[],3,0,0,3
25,Exeter,[],567,0,194,761
602,Exohealzz,[],0,0,0,0
2689,Exojamz,[],3,0,0,3
183,Exospino,[],0,14,14,0
4530,Expand,[],201,0,9,210
3579,Facelessgo,[],3,0,0,3
184,Faiddan,[],0,0,24,24
185,Faldorf,"[(3041, 'Malkahrn')]",63,34,67,96
186,Falelderea,"[(604, 'Stabotage')]",9,112,121,18
3500,Falicia,[],25,0,9,34
3243,Falorf,[],6,0,0,6
187,Fambone,[],0,0,33,33
188,Fantasma,"[(2666, 'Taen')]",3,0,4,7
2216,Fanton,"[(2482, 'Elvma'), (2470, 'Menus'), (2481, 'Valtran')]",62,0,2,64
4265,Fartz,"[(4269, 'Coenl'), (4270, 'Pagg')]",62,44,15,33
189,Fascinator,[],0,6,21,15
3618,Fashionquest,"[(2553, 'Apprentice'), (366, 'Pjsalt')]",1220,1099,18,139
543,Fastertimes,[],0,0,0,0
676,Fastmans,[],0,0,0,0
4006,Fatlewt,[],3,0,0,3
767,Fayye,"[(2480, 'Hanmyo'), (2465, 'Scylena')]",52,0,0,52
622,Fealas,[],0,0,0,0
191,Feem,[],3,3,7,7
18,Feldsinc,"[(2213, 'Cyrek'), (3465, 'Variant'), (2839, 'Writhed')]",5003,4834,584,753
2347,Fellwind,"[(2692, 'Fellmend'), (2479, 'Fellmind'), (2691, 'Fellwand')]",279,171,0,108
2725,Feltiox,[],24,0,0,24
691,Felwinters,[],0,0,0,0
3173,Feste,"[(3278, 'Alakas'), (4923, 'Mordeath'), (4123, 'Zaste')]",729,741,0,-12
4654,Feudal,"[(4655, 'Gunshot'), (3625, 'Irrenarzt')]",0,0,0,0
680,Fiberglass,[],6,0,0,6
4481,Filbis,[],1,0,0,1
2345,Fincarnate,"[(3830, 'Finanimate'), (5002, 'Fincinerate'), (4310, 'Finsane'), (2867, 'Fintruder')]",9399,9338,65,126
192,Finxter,[],0,0,3,3
3698,Fiore,[],15,0,9,24
3659,Firfisle,[],3,0,0,3
2964,Fistful,"[(3088, 'Barkful'), (3006, 'Blackmartin'), (4626, 'Burntrezzin'), (2990, 'Hemophilia'), (4666, 'Mezzful'), (2989, 'Slappinn')]",5410,6496,1372,286
3351,Fklux,[],1,0,0,1
193,Fleabag,"[(2724, 'Stabbag')]",307,656,402,53
3817,Fleshflayer,[],0,0,0,0
4503,Flickken,[],6,0,0,6
3952,Flog,"[(3953, 'Jamaican'), (4213, 'Skahdi')]",1262,547,9,724
2736,Flopmoore,[],0,0,0,0
2648,Floppypaws,"[(2771, 'Wahpaw')]",166,41,3,128
44,Florfinblarp,"[(2221, 'Fliffenblorp')]",125,294,179,10
3672,Flutemiestro,[],3,0,0,3
4707,Flutterbye,[],3,0,0,3
3316,Flyrr,[],0,0,0,0
3412,Folgorth,"[(3413, 'Agmanthion'), (3415, 'Layna'), (3414, 'Masrabr')]",3,0,3,6
4592,Foliumo,"[(2514, 'Praetero'), (4625, 'Vitanova')]",6,0,9,15
2366,Forbiddenson,[],426,227,0,199
195,Forces,[],0,0,3,3
3422,Forpor,"[(92, 'Aaaachoo'), (557, 'Yolos')]",356,338,18,36
2359,Forvel,[],3,0,0,3
3939,Foxfrenzy,"[(2416, 'Foxaid'), (2412, 'Foxcharm'), (2598, 'Foxcharming'), (2414, 'Foxfansy'), (2417, 'Foxlich'), (2415, 'Foxpet'), (2418, 'Foxplosion'), (3120, 'Foxpoke'), (2411, 'Foxpox'), (2419, 'Foxstab'), (2413, 'Foxystyle')]",5239,5900,1183,522
3609,Fragilis,"[(4966, 'Helique'), (4594, 'Robinette'), (3610, 'Wrestling')]",845,782,138,201
3359,Fragmented,[],0,0,0,0
4471,Frannie,[],1,0,0,1
662,Frannk,[],0,0,0,0
4474,Freepuppies,[],1,0,0,1
4180,Fruank,[],106,0,11,117
4797,Frus,[],0,0,9,9
2255,Frydeigh,[],979,0,0,979
53,Fsrool,"[(2890, 'Bakkal'), (3021, 'Dygnomo'), (4392, 'Mattingly'), (3824, 'Panos'), (73, 'Wexe')]",10436,12984,2969,421
2777,Fueelil,"[(3155, 'Feigh'), (3156, 'Fueel'), (3266, 'Fueelage'), (3078, 'Fueeld'), (2781, 'Fueelin')]",1161,1254,243,150
4307,Fuhao,[],1,0,2,3
4672,Fuhness,[],12,0,0,12
3375,Fundo,[],12,0,0,12
2301,Fungusscale,[],0,0,0,0
4464,Furious,[],1,0,0,1
196,Fyrriny,[],0,0,3,3
587,Fyster,[],0,0,0,0
197,Gaida,[],0,0,19,19
3113,Galactika,[],98,6,3,95
198,Gallaiel,[],0,0,4,4
3931,Gangfanger,[],0,0,9,9
199,Ganjis,[],0,3,18,15
200,Ganwan,"[(2773, 'Leejun')]",72,132,93,33
4152,Garbonzos,[],3,0,0,3
3933,Gargee,[],21,0,0,21
4472,Garglefark,[],1,0,0,1
2397,Garrgamelle,[],3,0,3,6
2433,Gautama,[],18,0,0,18
579,Gelly,[],0,0,0,0
3028,Gemani,[],15,0,0,15
4339,Genignomok,"[(2956, 'Gatruk'), (4341, 'Genibark'), (2951, 'Genimok'), (2953, 'Genthak'), (4340, 'Gigantik'), (2957, 'Gopalk'), (2952, 'Gothak'), (2955, 'Grimsok'), (2954, 'Gulfok')]",514,0,-34,480
201,Genral,[],0,0,9,9
4134,Getfluxed,[],0,0,0,0
2835,Gilerwen,"[(4261, 'Gilerwan'), (3409, 'Rekorik'), (3827, 'Tovgoalie'), (2837, 'Tovslayer')]",10978,11284,662,356
3986,Ginken,"[(4105, 'Mandvadin'), (3938, 'Mokken'), (4104, 'Zanan')]",1785,1539,9,255
202,Ginlu,[],0,0,3,3
2703,Glendara,[],7,0,3,10
2888,Glomgold,[],0,0,0,0
203,Gloyd,[],0,0,9,9
2657,Glugmmongering,[],0,0,0,0
3061,Glymion,"[(3099, 'Glymiona')]",144,3,0,141
645,Gnapoleon,[],0,0,0,0
4377,Gnohope,[],26,0,0,26
3424,Gnokitten,[],369,0,0,369
2294,Gnommercy,"[(2293, 'Debulous'), (689, 'Edako'), (3227, 'Generaltsos'), (2292, 'Itsprolly'), (391, 'Rogueaine')]",2037,1960,7,84
4029,Gnowhy,[],105,0,9,114
3920,Gnowonder,[],82,0,1,83
2487,Gochi,[],7,0,0,7
621,Godsangel,[],0,0,0,0
3517,Gokai,[],4,0,0,4
4547,Golddig,[],12,0,3,15
3523,Golthana,[],4,0,0,4
3121,Golyen,"[(4541, 'Brenger'), (4778, 'Catcall'), (3455, 'Hakker'), (4216, 'Pitti')]",12330,12986,1346,690
2817,Goofball,"[(2818, 'Poobert')]",877,627,11,261
205,Goron,[],0,0,15,15
4370,Gothicus,"[(4373, 'Arnoldo'), (4371, 'Richmond'), (4372, 'Xavier')]",3,0,13,16
2654,Gotyer,"[(2788, 'Daisuki'), (2655, 'Haxy'), (2945, 'Haxycro'), (2656, 'Haxydoots'), (2929, 'Haxyknight'), (3221, 'Romac')]",403,400,-3,0
3187,Goylen,[],2,0,0,2
4432,Grackal,[],3,0,0,3
3946,Gramichael,[],0,0,0,0
528,Grandfunk,[],0,0,0,0
3511,Graxxi,[],6,0,0,6
4354,Graze,[],25,0,15,40
3805,Greenbelly,[],9,0,0,9
3751,Greytusk,"[(126, 'Briesy'), (47, 'Briggham')]",534,864,437,107
607,Grimarrow,[],0,0,0,0
206,Grimbeard,[],0,42,47,5
3673,Grimmby,[],0,0,9,9
3317,Griver,[],0,0,0,0
207,Grizzm,[],12,35,35,12
3017,Grobbell,"[(3030, 'Docktah'), (3018, 'Johnwilks'), (3055, 'Kashii'), (3019, 'Norbertt'), (3054, 'Soulsummenor')]",204,0,3,207
2620,Grobek,"[(2619, 'Drasten'), (4175, 'Drogul'), (2621, 'Oghred')]",333,251,18,100
3410,Grobid,[],6,0,0,6
4683,Groumph,"[(4314, 'Widening')]",105,0,9,114
4993,Grumpyn,[],0,0,0,0
3945,Guinan,"[(3677, 'Aerolyn'), (3678, 'Faiye'), (3674, 'Skartiss')]",244,0,15,259
208,Guinivere,[],0,0,11,11
209,Gulsek,[],79,36,76,119
3997,Gumgek,[],51,0,0,51
3796,Gunfu,"[(3762, 'Brudal')]",71,0,9,80
4030,Gurdrot,"[(4245, 'Broozor'), (4333, 'Lullifer'), (4244, 'Treach'), (4320, 'Wootz')]",5976,6068,229,137
210,Gurkor,[],0,0,40,40
211,Gurvaceous,[],16,0,18,34
4405,Gusano,"[(4408, 'Gusanos'), (4407, 'Tekura'), (4446, 'Valiente')]",117,0,9,126
2942,Guster,[],6,0,0,6
4658,Guto,[],0,0,0,0
3233,Gweed,[],75,0,0,75
3108,Gzone,[],271,268,3,6
212,Hadooken,[],12,26,65,51
2451,Hakk,[],45,25,0,20
4154,Halesluker,[],3,0,0,3
213,Halven,[],0,36,144,108
2423,Halyard,[],3,0,0,3
214,Hampus,[],0,7,46,39
4627,Happytree,[],3,0,0,3
4787,Harkod,[],0,0,9,9
2665,Harmone,"[(2548, 'Boleman'), (4702, 'Malafixo'), (4927, 'Vaashe')]",1879,1807,150,222
2348,Harrlet,[],3,0,3,6
4225,Havall,[],24,0,0,24
3276,Haxyspruce,[],12,0,0,12
216,Hayatet,[],0,0,0,0
2522,Hazero,[],162,142,0,20
218,Heathcliff,[],0,13,13,0
3509,Heaume,"[(3510, 'Cyruk')]",24,0,0,24
2375,Heelyn,[],0,0,0,0
219,Heighway,"[(2330, 'Higgy'), (2814, 'Puddy'), (612, 'Saxondale'), (2813, 'Snogg')]",476,912,436,0
4399,Hekt,"[(4331, 'Flextore'), (4315, 'Hext')]",79,0,9,88
220,Hellma,[],3,300,353,56
221,Henson,"[(4347, 'Crazykittenlady'), (3279, 'Dontgo'), (3989, 'Homeowner'), (614, 'Purrmione')]",4409,4478,187,118
4647,HeraldofZuul,[],14,0,0,14
3868,Heriss,"[(4309, 'Deetith'), (4188, 'Grailoch'), (3902, 'Merianna')]",1356,1170,38,224
3466,Hermone,"[(3852, 'Baathory'), (3504, 'Bafar'), (2776, 'Bigus'), (3464, 'Corpsewhisperer'), (3326, 'Cothila'), (4118, 'Danijen'), (3505, 'Goldig'), (4830, 'Greenmost'), (3468, 'Gyikember'), (2363, 'Merila'), (2680, 'Merilinia'), (4116, 'Merilon'), (4119, 'Petaj'), (4117, 'Threeeyed')]",3178,3225,95,48
222,Hespera,[],0,0,6,6
742,Highnotes,[],34,0,10,44
223,Hillin,"[(615, 'Sechwuan')]",0,98,153,55
2393,Hippoeater,"[(4904, 'Bartledew'), (4164, 'Hippochippo'), (2861, 'Hippohealer'), (3394, 'Zibannejad')]",7305,7670,510,145
3063,Hipsterbarista,[],39,3,0,36
224,Hisamori,"[(2469, 'Conerh'), (4866, 'Jutetoxx'), (2446, 'Powerfulrick'), (2658, 'Tosin')]",4938,5331,803,410
3592,howwe,"[(4769, 'Fiinqvid'), (343, 'Nevaria')]",3494,3238,130,386
4661,Hoyson,[],18,0,0,18
2242,Hrudd,[],3,0,0,3
3226,Hubbles,[],0,0,0,0
721,Hubeer,[],0,0,0,0
3112,Hudlow,[],0,0,3,3
3010,Hufflepuff,"[(3175, 'Felawyn'), (3057, 'Godbotherer'), (3011, 'Trufflenaut')]",1433,1085,-348,0
4621,Huty,[],0,0,0,0
3982,Huvak,"[(3901, 'Trebax')]",18,0,9,27
225,Hylophobia,"[(4191, 'Aymar'), (2344, 'Snacks'), (2461, 'Xanns')]",2916,2630,330,616
226,Ialai,[],0,161,161,0
227,Iamrad,"[(3223, 'Amazzal'), (733, 'Daezen'), (2490, 'Darmai'), (3800, 'Iambad'), (3377, 'Iamdad'), (3801, 'Iamsad'), (3208, 'Kerea'), (2489, 'Spartus')]",7136,7877,897,156
4827,Ianuaria,[],47,0,0,47
4704,Icann,"[(4670, 'Itoons')]",1014,931,37,120
228,Icelina,[],123,77,22,68
649,Ichee,[],0,0,0,0
4121,Idrink,[],0,0,0,0
2862,Iegdaian,"[(2863, 'Frenaugh'), (2864, 'Helfvis'), (2865, 'Kimjongheal'), (2866, 'Mestrong'), (3239, 'Standards')]",1102,1008,-94,0
229,Ihidebehind,"[(616, 'Kyrane')]",13,72,192,133
4031,Iilerin,[],15,0,0,15
4591,Ikass,"[(4596, 'Lunatix'), (4842, 'Opalia'), (4839, 'Shamalistic')]",1380,1280,46,146
2602,Iludere,[],3,0,0,3
739,Ilumi,"[(2976, 'Catness'), (2975, 'Healumi'), (2977, 'Kaelann'), (274, 'Kergrell'), (2911, 'Nilwene'), (634, 'Persequi'), (2545, 'Praenk'), (3261, 'Seiso')]",5682,6099,538,121
4715,Ilvai,[],3,0,0,3
230,Ilyushin,[],0,54,65,11
231,Impaqt,[],0,3,46,43
4482,Impel,[],1,0,0,1
2624,Impermanence,"[(4324, 'Bonsai')]",69,42,2,29
232,Incinerate,[],0,0,13,13
2244,Incubi,[],3,0,0,3
4151,Inexplicable,[],3,0,0,3
4003,Inik,[],21,0,0,21
3580,Inima,[],3,0,0,3
233,Initiate,"[(2640, 'Hound')]",72,107,56,21
4071,Inosuke,[],0,0,0,0
3318,Inusno,[],0,0,0,0
719,Inutillo,[],0,0,0,0
650,Invigorate,[],0,0,0,0
234,Inyahin,[],0,5,17,12
4883,Ippon,[],433,250,21,204
3676,Ipse,[],6,0,0,6
235,Ipsifu,[],0,8,58,50
236,Iresoul,"[(3755, 'Burakku'), (529, 'Irescale'), (2399, 'Kaitania'), (2918, 'Nyandere'), (3643, 'Torprah'), (618, 'Wilding')]",5579,5528,183,234
2373,Ironeye,[],0,0,0,0
3557,Ironi,[],19,0,0,19
3152,Isaac,[],117,77,3,43
3942,Ishammael,[],4,0,0,4
11,Ishen,"[(5055, 'Cliick'), (215, 'Hashan')]",1897,2043,158,12
237,Ismoke,"[(4207, 'Djbardzilla'), (4206, 'Docktore'), (2544, 'Laarge'), (3558, 'Urlocal'), (4158, 'Willheal'), (2894, 'Ziig')]",2658,2619,60,99
3225,Itouch,[],9,0,0,9
238,Izerdrood,[],0,0,3,3
4223,Izlana,[],24,0,0,24
3093,Jaalo,[],4,0,3,7
3475,Jaap,[],6,0,0,6
239,Jackkee,"[(2306, 'Cebol'), (620, 'Worse')]",120,524,511,107
4038,Jady,[],15,0,0,15
240,Jaerim,[],0,159,159,0
3150,Jaileint,[],33,0,0,33
241,Jalasong,[],0,2,8,6
242,Jamesbrown,[],0,0,13,13
243,Jardoorm,[],0,0,6,6
3548,Jaryd,"[(4900, 'Shamwowe'), (4898, 'Whichking')]",259,121,9,147
2815,Jatrs,[],15,0,3,18
4721,Jayya,[],3,0,0,3
3514,Jayylen,[],10,0,0,10
4897,Jedimastur,"[(4899, 'Bihl')]",6,0,9,15
244,Jeera,[],0,0,84,84
2422,jeffrey,[],0,0,0,0
245,Jemmaskye,[],0,0,7,7
246,Jeniven,[],0,125,248,123
247,Jessamyne,[],0,0,15,15
3163,Jesselacey,[],12,0,0,12
3232,Jesto,"[(3974, 'Azcrak'), (2444, 'Fewtch'), (2959, 'Ligmuh')]",1565,1271,19,313
4905,Jhames,"[(4891, 'Fizzal')]",27,0,0,27
248,Jhanna,[],0,0,6,6
249,Jinelle,"[(3822, 'Risna'), (2857, 'Silenraven')]",7014,5985,194,1223
3812,Johnee,"[(4268, 'Geckro'), (3849, 'Gurkey'), (4889, 'Pohpoff'), (4890, 'Rhustee'), (4166, 'Smellz')]",4245,4595,650,300
674,Jonker,[],0,0,0,0
4705,Jooby,"[(4725, 'Joobles')]",9,0,9,18
250,Jorek,[],0,0,10,10
4466,Joria,[],1,0,0,1
3750,Jotaroh,"[(3906, 'Chihirosan'), (4847, 'Fanbus')]",423,118,21,326
251,Jozdaz,[],0,0,37,37
252,Juevosrancheros,"[(3194, 'Engars')]",4463,3976,44,531
2368,Juggernut,[],3,0,12,15
253,Juhmbo,[],0,0,12,12
37,Jullius,"[(625, 'Drederrick'), (2280, 'Gnomad'), (530, 'Groundskeeper'), (2790, 'Manjula'), (2281, 'Maudee'), (4287, 'Selma')]",6821,4690,414,2545
626,Jumbalaya,[],0,0,0,0
254,Jumbasa,[],0,0,18,18
531,Jumbatta,[],0,0,0,0
255,Jumps,[],0,0,30,30
256,Jungy,[],0,3,57,54
3709,Juniperus,[],3,0,0,3
59,Jutebox,"[(3285, 'Boomlet'), (2407, 'Delite'), (2346, 'Qraine'), (17, 'Salvette'), (60, 'Slyie'), (2604, 'Zipporah')]",12206,16631,4776,351
2869,Jutty,[],72,0,3,75
257,Juujy,[],0,80,80,0
4076,Kaan,[],170,106,9,73
258,Kaerik,[],0,0,12,12
609,Kagebushin,[],0,0,0,0
2937,Kahla,[],0,0,0,0
4794,Kailen,"[(4816, 'Peejay'), (4916, 'Xxvv'), (4795, 'Yenom')]",715,662,9,62
3782,Kailena,[],15,0,0,15
4831,Kailey,[],0,0,0,0
259,Kakakakaka,[],81,97,130,114
3429,Kalex,[],210,0,9,219
2521,Kalibak,"[(637, 'Ankexfen'), (2228, 'Avaran'), (4311, 'Crocadillipus'), (3503, 'Eaglewolf'), (19, 'Krazok'), (3352, 'Rokhan')]",5715,5438,151,428
4894,Kalliun,[],3,0,0,3
260,Kalul,[],0,0,13,13
261,Kamaohoru,[],0,0,7,7
262,Kamra,"[(532, 'Karrth'), (2535, 'Krazedkitten'), (628, 'Rabul'), (2511, 'Skinch')]",107,261,273,119
263,Kansalbero,[],0,0,8,8
2391,kaosh,[],12,0,0,12
4714,Kaptenspock,[],3,0,0,3
265,Karider,[],0,0,6,6
266,Karinoa,"[(2510, 'Irisia'), (2508, 'Meilin'), (2507, 'Myrrain'), (2506, 'Sunrae'), (2509, 'Tikaroa')]",0,0,4,4
4476,Karnus,[],1,0,0,1
2349,Kartophel,[],1,0,0,1
31,Karynna,[],921,0,293,1214
4918,Kasahara,[],3,0,0,3
267,Kasani,[],0,126,165,39
2578,Kasmian,"[(2633, 'Nayata')]",55,3,4,56
4493,Kasyra,[],6,0,0,6
268,Katalee,[],0,0,10,10
3596,Katastrophic,[],742,0,89,831
617,Katerie,[],0,0,0,0
2741,Katheria,"[(2742, 'Katharia')]",42,0,3,45
2607,Katinna,[],49,0,-49,0
2608,Katkalls,[],74,0,0,74
4067,Katlas,[],102,0,0,102
745,Katnip,[],84,0,0,84
269,Katous,[],0,0,12,12
4210,Katsuragi,[],3,0,0,3
270,Kausali,"[(631, 'Allyie'), (2273, 'Burkaus')]",169,1174,1093,88
271,Kazeno,[],0,0,6,6
4718,Kazoth,[],3,0,0,3
4854,Kazzuss,"[(4855, 'Chompen'), (4857, 'Kazzbuff'), (4858, 'Kazzus'), (4856, 'Xexus')]",60,0,9,69
2564,Keawynn,[],269,179,0,90
551,Kedrid,[],0,0,0,0
4428,Keee,"[(4427, 'Neckroz')]",409,0,27,436
593,Keerla,[],0,0,0,0
3153,Keinmesser,[],0,0,0,0
2365,Keishara,[],23,23,3,3
272,Kelic,[],0,64,64,0
3892,Kenith,[],0,0,0,0
3955,Kennan,"[(3968, 'Greip')]",1501,1300,19,220
275,Kerrath,[],27,48,146,125
276,Keul,[],0,0,31,31
4316,Kevork,[],72,0,45,117
4597,Kevoth,"[(4595, 'Keamon'), (4915, 'Wayene')]",1777,1836,59,0
4630,Khaall,[],3,0,0,3
277,Kharasak,[],0,33,39,6
2561,Khaymann,[],3,0,0,3
2369,Kibamoto,"[(2400, 'Kibamotto')]",37,0,0,37
3189,Kibbi,[],6,0,0,6
278,Kickkick,[],0,0,21,21
4512,Kickpunchr,"[(4678, 'Eberan'), (4677, 'Kardes'), (4562, 'Kickhealr')]",677,330,9,356
2797,Kiithsa,"[(2800, 'Fayefae'), (2801, 'Yershin')]",8,0,5,13
4545,Kikkaz,[],3,0,0,3
4046,Kikkyo,"[(4049, 'Kikaki'), (4048, 'Pinan'), (4047, 'Spillinng')]",770,302,30,498
4940,Kimaris,[],0,0,9,9
4943,Kimogila,[],0,0,0,0
3242,Kingan,[],74,0,0,74
2678,Kioni,[],3,0,0,3
280,Kisen,[],0,0,3,3
4709,Kithlen,[],3,0,0,3
2395,Kittenfist,[],0,0,0,0
2257,Kittenfists,[],19,0,0,19
2751,Kittla,"[(2747, 'Blotan'), (2748, 'Iitse'), (2746, 'Johrei'), (4234, 'Korriban'), (2750, 'Lilbam'), (2749, 'Lilmag'), (4233, 'Malachyte'), (2752, 'Rukous'), (4232, 'Totsu')]",1640,1195,-176,269
5050,Klinkerton,[],107,0,9,116
282,Knewks,"[(2960, 'Kanuuen'), (3553, 'Mahrten'), (2440, 'Oratario')]",1131,1271,197,57
4090,Knubblet,"[(4249, 'Fineghal'), (4792, 'Sercharming')]",1312,1177,3,138
2933,Knubbs,[],0,0,0,0
4517,Knyvs,"[(4598, 'Ditt'), (4759, 'Evii'), (4496, 'Goodmon'), (4599, 'Mosasaur')]",955,786,9,178
2834,Kodie,[],8,0,0,8
642,Kokoroz,[],0,0,0,0
3484,Kompleat,"[(3215, 'Faedewyn'), (3213, 'Trivellion'), (3214, 'Viago'), (3961, 'Wompalotta')]",6163,7172,1216,207
283,Konal,[],34,24,46,56
3628,Koors,"[(3629, 'Isic'), (3891, 'Qoors')]",216,0,9,225
3205,Kordoline,[],0,0,0,0
3419,Kortado,[],3,0,0,3
285,Kraanberi,"[(636, 'Niradra')]",0,9,60,51
2203,Kralo,"[(2204, 'Darkkry'), (3653, 'Fobb'), (287, 'Krylo'), (2494, 'Otmar')]",2125,2189,295,231
3583,Krav Maga,"[(3584, ""Daraan D'Santi""), (3585, 'Zayen'), (3582, 'Zayin')]",6,0,0,6
3338,Kreml,"[(3349, 'Nedala'), (3348, 'Nelena')]",226,214,0,12
3485,Krilladrilla,[],48,0,0,48
4478,Krimes,[],7,0,0,7
4494,Kroake,"[(4328, 'Kroke')]",1251,1137,45,159
3339,Kroom,"[(4406, 'Fivendimee'), (4184, 'Marielavo'), (3661, 'Nunchakus')]",764,626,29,167
697,Kruptcy,[],0,0,0,0
4357,Krystalynn,"[(4941, 'Lostlore')]",549,394,19,174
4610,Kuhr,[],0,0,0,0
2462,Kuikez,"[(4676, 'Xoroz')]",636,596,26,66
3307,Kulog,"[(3336, 'Nelven')]",1088,914,84,258
4603,Kumak,[],0,0,0,0
288,Kungphu,[],0,0,9,9
4640,Kush,[],0,0,0,0
289,Kushala,"[(3342, 'Lyekka'), (4345, 'Oroshi'), (2659, 'Reltz'), (2895, 'Ruba'), (3406, 'Sadotado'), (3369, 'Sewerpope'), (737, 'Ukulele'), (4665, 'Wimmy'), (2357, 'Yuke')]",9073,9492,811,392
3428,Kwahnaan,"[(3563, 'Brynder'), (3667, 'Felixculpa')]",625,435,33,223
290,Kyllyr,[],0,0,71,71
4724,Kyomu,[],3,0,0,3
5037,Kyrool,[],3,0,15,18
291,Kyulin,"[(2272, 'Aimalittle'), (2271, 'Floggy')]",233,343,244,134
2355,Lacos,"[(2984, 'Bombba'), (3846, 'Raiztlin'), (3501, 'Snaikk')]",9449,10563,1354,240
3606,Ladoos,[],21,0,9,30
2668,Laeadin,"[(2743, 'Eythil'), (2682, 'Laezerd')]",367,85,0,282
2484,Laein,[],3,0,0,3
3315,Laeyen,[],0,0,0,0
292,Landar,[],0,39,56,17
640,Landaren,[],0,0,0,0
3361,Langtolak,[],0,0,0,0
3900,Laolwen,"[(3813, 'Gaoning'), (4214, 'Lutdar')]",542,535,23,30
3075,Laora,[],1,0,0,1
3176,Larrylongbow,"[(3270, 'Friarfred'), (2651, 'Rynork')]",6639,6486,45,198
2821,Larrz,[],3,0,3,6
3314,Larsz,[],0,0,0,0
293,Latam,[],180,238,61,3
4489,Laufey,[],6,0,0,6
669,Lawlen,[],0,0,0,0
3185,Leafee,"[(4054, 'Lizzybeth')]",166,20,0,146
295,Lefthook,[],0,32,47,15
296,Legidias,[],0,418,522,104
297,Leighda,[],175,67,27,135
2554,Leighlas,"[(2594, 'Annaleise'), (2528, 'Kaoimhe'), (2606, 'Muireann'), (2610, 'Schuylers')]",170,164,69,75
4441,Lelanni,[],15,0,0,15
4330,Lelanni Undeadslayer,[],0,0,0,0
298,Leles,[],0,0,32,32
299,Lenark,[],0,11,33,22
4952,Leshroc,[],1,0,0,1
563,Lestrien,[],0,0,0,0
3728,Lichylol,[],51,0,0,51
4723,Likensubscribe,[],3,0,0,3
4930,Lincekum,"[(4929, 'Lincecumm'), (4931, 'Poseyy')]",9,0,9,18
300,Lindiine,[],0,15,15,0
2931,Lindraya,"[(3743, 'Amohilde'), (3159, 'Doobby'), (3292, 'Longwei'), (3462, 'Palaelean (SK)'), (3201, 'Pickerman')]",409,467,58,0
301,Lippe,"[(4457, 'Smited'), (3848, 'Sweepi')]",794,464,92,422
302,Liyona,[],96,68,20,48
4485,Lizet,[],3,0,0,3
3357,Lizza,[],0,0,0,0
4791,Llamaroo,[],782,816,89,55
4002,Lochnessdonster,"[(4281, 'Nodyroc')]",4181,4032,66,215
3131,Lodak,[],0,0,0,0
303,Lodekai,[],0,0,3,3
304,Loin,[],0,683,1022,339
4353,Longmont,"[(4868, 'Junta'), (4534, 'Lifeboy'), (4535, 'Shafty')]",52,0,30,82
4149,Lonnely,[],3,0,0,3
3957,Loonnie,"[(4538, 'Gillburt'), (644, 'Goldenson'), (46, 'Lilbuddy'), (3742, 'Lilstab'), (2615, 'Skinnyjeenze')]",7763,8404,803,162
305,Lowejak,"[(279, 'Kiierun'), (4680, 'Kilen')]",401,36,131,496
306,Lowlife,[],0,25,28,3
10,Lucapuka,"[(3980, 'aleara'), (3803, 'bumpthis'), (3267, 'Catphone'), (3035, 'Fears'), (4679, 'feralrescue'), (2562, 'Justchecking'), (3347, 'Lukapuka'), (647, 'Nonna'), (535, 'Orissah'), (3870, 'soulfriar')]",7976,8403,729,302
3382,Lukard,[],0,0,0,0
4456,Lumbarpuncture,[],3,0,0,3
3222,Lunati,[],3,0,0,3
307,Luvein,[],0,0,39,39
4604,Lycosa,[],0,0,0,0
308,Lynea,[],1091,940,74,225
309,Lynen,"[(648, 'Beauw'), (2367, 'Bursten'), (4631, 'Raggzz')]",4258,5175,959,42
653,Lyriq,"[(3984, 'Kinetiq'), (322, 'Mesmeriq'), (3985, 'Tropiq')]",15,0,20,35
2453,Lyrisa,"[(2458, 'Bombsquad'), (2457, 'Brugghe'), (2455, 'Grumbar'), (2456, 'Kahmah'), (2454, 'Larates')]",3,0,0,3
2235,Macgowan,[],52,0,7,59
3624,Macros,[],105,0,14,119
3265,Madbutt,[],6,0,0,6
310,Maddog,[],0,0,73,73
4711,Madeyes,[],3,0,0,3
3754,Madmaxxx,[],3,0,0,3
3438,Madrep,"[(3241, 'Madbuff'), (3370, 'Madtank')]",1190,930,-260,0
311,Magnatic,[],60,483,668,245
312,Maiben,[],0,6,78,72
313,Maiylu,[],33,40,21,14
3612,Maladark,[],15,0,0,15
4488,Malazoukas,[],6,0,0,6
3252,Maldoro,[],30,0,0,30
3867,Maldoru,[],3,0,0,3
2360,Maldory,"[(4440, 'Bubblebee')]",686,428,8,266
3740,Malelvan,[],76,0,11,87
314,Malikail,[],200,92,-24,84
4607,Malisande,[],0,0,0,0
2569,Malorne,[],6,0,0,6
4734,Maniak,[],6,0,0,6
773,Manwich,"[(2316, 'Scarro')]",15,12,13,16
4473,Marahna,[],1,0,0,1
3518,Maraschino,[],4,0,0,4
2898,Maratith,"[(5039, 'Banksouth'), (4656, 'Ganoosh'), (3731, 'Nolby'), (3880, 'Volcania')]",7639,9928,2770,481
4767,Marceriny,[],177,60,9,126
315,Marduran,"[(2539, 'Mardru')]",30,125,125,30
3538,Marfim,"[(3540, 'Caim'), (4766, 'Mesmeraiser'), (4161, 'Smallprobleme')]",2717,2702,9,24
3569,Margok,"[(4846, 'Knukles'), (4884, 'Krypts')]",505,204,9,310
4480,Margrim,[],1,0,0,1
4507,Marisol,"[(4508, 'Carnita'), (4509, 'Estebahn'), (4510, 'Molina'), (5051, 'Posole'), (4575, 'Tatyana')]",2721,2460,399,660
4784,Marto,"[(4785, 'PlumBottom')]",6,0,9,15
2649,Masong,"[(3619, 'Adaboi')]",1504,1293,9,220
5004,Masoz,[],6,0,0,6
316,Masrad,[],0,0,13,13
3850,Matah,[],3,0,0,3
317,Maxegrowth,"[(2576, 'Maxeheals'), (2524, 'Meschevous')]",141,46,30,125
4135,Maxpower,[],0,0,0,0
2352,Maxur,[],129,0,0,129
519,Mchammer,[],0,0,0,0
5032,Meadden,[],12,0,0,12
3922,Meade,"[(4313, 'Madamrez'), (4431, 'Thraash'), (4301, 'Ylleks')]",1274,806,50,518
3202,Meanjoe,[],63,0,9,72
4936,Media,"[(4937, 'Mastah')]",1,0,9,10
4798,Meee,[],15,0,0,15
3768,Meeuh,[],33,201,0,-168
2571,Megamann,[],12,0,0,12
318,Megamien,[],0,6,21,15
319,Meglatank,[],33,20,44,57
8,Meledus,"[(771, 'Exodas'), (2220, 'Heirose'), (2618, 'Lilisa'), (651, 'Percept')]",2916,4108,1424,232
3806,Mellowtron,[],6,0,0,6
605,Melnek,"[(3638, 'Chesterr'), (194, 'Flowerr'), (3620, 'Sherrman')]",236,474,506,268
561,Memorex,[],0,0,0,0
320,Menthe,[],0,40,50,10
4786,Meowfast,[],14,0,0,14
700,Meowpal,[],568,363,147,352
3798,Meowsmerize,[],77,0,0,77
2672,Merdar,"[(2671, 'Corrompu'), (3506, 'Lizor'), (4296, 'Snotrout'), (4297, 'Stabbystabstabs')]",2907,2942,143,108
321,Merlwood,"[(2496, 'Benhart')]",309,280,16,45
3295,Merrian,"[(3330, 'Amory'), (3329, 'Ketheryn'), (3296, 'Merimac')]",929,595,0,334
4017,Merron,[],0,0,0,0
323,Metra,[],0,25,81,56
3599,Metrev,[],79,0,9,88
324,Mewpal,[],58,0,35,93
4128,Mewtilator,[],16,0,0,16
3903,Mewzz,[],20,0,18,38
623,Mezevile,[],0,0,0,0
3229,Mezits,[],3,0,0,3
5003,Mezso,[],6,0,0,6
2730,Mhmm,[],16,0,0,16
4254,Micell,[],3,0,0,3
325,Midgett,[],21,3,13,31
3435,Miiind,[],0,0,9,9
4185,Miintier,"[(3181, 'Miinty')]",125,116,6,15
326,Mikrah,"[(5034, 'Kead')]",18,10,33,41
328,Mingas,"[(728, 'Bahngu'), (2207, 'Djordi'), (656, 'Lagrima'), (3119, 'Lamari'), (732, 'Potatoball'), (727, 'Tsika')]",854,1609,784,29
3459,Minmin,"[(3460, 'Berrydew')]",0,0,9,9
2753,Mirklace,"[(3630, 'Grimsoul'), (3631, 'Halfdan'), (2755, 'Ironfury'), (2754, 'Tandalas')]",87,0,9,96
4713,Missdazzle,[],3,0,0,3
4074,Misslefist,[],294,0,9,303
3027,Misspeleld,[],33,60,0,-27
329,Mistari,"[(2810, 'Drothina'), (2811, 'Floxie'), (657, 'Jaxie'), (2812, 'Tonksi')]",255,450,195,0
4810,Misterclaws,[],72,0,0,72
4717,Mistlenote,[],3,0,0,3
4864,Mistystar,"[(4917, 'Kelethos')]",465,351,9,123
2460,Mithael,"[(4515, 'Biggyy'), (404, 'Sampsen'), (693, 'Siinister'), (2650, 'Xanthiss')]",9070,10852,1965,183
330,Mitock,[],0,0,65,65
4635,Mixa,"[(4637, 'Bind'), (4636, 'Cancel'), (4823, 'Erke'), (4588, 'Listeria'), (4587, 'Motto')]",2343,1617,180,906
3450,Mixtress,[],0,0,0,0
2534,Modestie,[],9,0,0,9
3963,Moejo,"[(4247, 'Dilpikel'), (3122, 'Hakur'), (3964, 'Typpin')]",321,47,15,289
2430,Mokassa,[],162,0,0,162
2513,Momba,"[(3272, 'Brothermomba'), (3271, 'Zylaw')]",1170,1097,-73,0
592,Mongosmash,[],0,0,0,0
3759,Monno Tone,[],0,0,0,0
4368,Monulph,"[(4419, 'Bigh'), (4155, 'Boros'), (4800, 'Cherrystarburst'), (4418, 'Maynguene'), (4140, 'Obito'), (4401, 'Obitwo'), (4543, 'Undwen')]",7331,7428,414,317
331,Moogied,[],0,9,30,21
2612,Moolag,[],3,0,0,3
4944,Moonwood,[],0,0,0,0
4059,Morbo,"[(4098, 'Morby'), (4097, 'Peteage'), (4099, 'Reigning')]",166,0,9,175
3472,Mordakk,"[(2970, 'Gardakan'), (4434, 'Guerison')]",1398,1418,46,26
4264,Morgana,"[(4263, 'Farath')]",103,85,11,29
332,Morkai,[],0,155,190,35
333,Morthalis,"[(659, 'Absu'), (4922, 'Fluellen'), (3297, 'Noroxus')]",107,151,166,122
4946,Morvexna,[],12,0,0,12
3467,Motet,[],51,0,9,60
716,Mournelithe,[],0,0,0,0
4044,Mrsclaws,[],3,0,3,6
4605,Mrsmac,[],0,0,0,0
4960,Mrwarlord,"[(4962, 'Mrcoth'), (4967, 'Mrikky'), (3756, 'Mrlich'), (4964, 'Mrshamtastik'), (4961, 'Mrtwig'), (4963, 'Mrwiz'), (4957, 'Theranger')]",210,0,36,246
3323,Muchpunches,[],3,0,0,3
334,Mudwart,[],20,0,58,78
4953,Muncle,"[(5030, 'Lupinal')]",201,94,18,125
2577,Mushrewm,[],3,0,0,3
337,Mycele,"[(3405, 'Myckell')]",264,330,79,13
661,Myller,"[(3160, 'Coznester'), (2733, 'Logjammer'), (338, 'Myllerlyght'), (2734, 'Myllerlyte')]",1559,916,28,671
3733,Mynec,[],3,0,0,3
339,Myrish,[],0,0,8,8
2394,Mysticalkitten,[],7,0,0,7
4286,myxmaster,[],0,0,0,0
340,Nahgash,[],0,0,8,8
4167,Naldrin,[],3,0,0,3
4138,Nanala,[],0,0,0,0
4632,Nanje,"[(4869, 'Kikurame'), (4838, 'Mezzydavis')]",105,45,9,69
341,Nareth,"[(2315, 'Kroger'), (2386, 'Lovetrain')]",29,27,50,52
3431,Narienna,"[(3432, 'Narienne')]",0,0,9,9
2806,Narklo,"[(2886, 'Glulaen'), (2805, 'Yilamin')]",671,559,3,115
4036,Nazzlefunnel,[],15,0,0,15
678,Neadah,[],0,0,0,0
3926,Neayriel,[],33,0,9,42
768,Necran,[],417,372,14,59
3092,Nectara,"[(3258, 'Darkcoin'), (3257, 'Kyloben')]",44,0,0,44
4737,Needlenuggets,[],0,0,0,0
342,Nekrolord,[],0,0,52,52
2966,Nervaal,"[(4124, 'Algernop'), (3337, 'Boutonniere'), (3443, 'Gatoor'), (4703, 'Jumpalot'), (4585, 'Nerguul'), (3046, 'Puhnnee'), (3047, 'Quul'), (3444, 'Thraan'), (3034, 'Vithuud')]",8110,8100,105,115
4514,Nextday,"[(4455, 'Gorthor'), (4403, 'Gorthorrr'), (4306, 'Horra'), (4453, 'Shortportz')]",998,962,33,69
344,Ngar,"[(749, 'Capacious'), (537, 'Cartunes'), (747, 'Indolent'), (757, 'Kgar'), (750, 'Macktastic'), (753, 'Pimpn'), (755, 'Porthoar'), (752, 'Revolting'), (758, 'Shameow'), (664, 'Touncy'), (743, 'Utdidar'), (751, 'Wazup'), (2664, 'Ygar')]",2207,2863,1039,383
3486,Nietche,"[(3488, 'Cognoscenti'), (3489, 'Insouciance'), (3487, 'Kittenpants'), (3490, 'Recrudescent')]",206,0,0,206
3614,Nikkay,"[(2704, 'Garrgamonk')]",75,0,15,90
3298,Nikkers,[],74,0,3,77
345,Niloh,[],0,0,33,33
346,Nimbleswift,"[(3065, 'Gong'), (3378, 'Manaplox'), (665, 'Rezolution')]",2097,3035,1154,216
2807,Nimthir,"[(2809, 'Aranos'), (2808, 'Kethari')]",27,0,0,27
347,Ninarya,"[(666, 'Hinarya'), (2745, 'Sinarya')]",2446,2853,725,318
4612,Ninladarea,[],0,0,0,0
4382,Nirvhana,"[(4383, 'Khristos')]",336,163,9,182
3644,Nishoba,[],3,0,0,3
3362,Nituwakan,[],0,0,0,0
4396,Noca,[],57,0,0,57
4217,Nomsy,"[(4221, 'Necronomz'), (4731, 'Nomsey'), (4111, 'Nomz'), (4220, 'Nomzy'), (4380, 'Noomzy'), (4593, 'Omnoms')]",7127,6491,98,734
3804,Noops,"[(3908, 'Malekh'), (3909, 'Qaeva')]",294,255,0,39
3981,Norington,[],5,0,0,5
4130,Noslagoth,[],3,0,0,3
3224,Notabard,[],12,0,0,12
348,Nothsa,[],0,0,9,9
4350,Novabeast,[],6,0,9,15
30,Nowon,"[(442, 'Tacotruk'), (2303, 'Terribul')]",102,275,262,89
4483,Noxinn,[],3,0,0,3
699,Nukk,[],0,0,0,0
2731,Numbaaz,[],0,0,0,0
38,Numbaz,"[(2759, 'Dirtiest'), (2493, 'Drimor'), (82, 'Kandias'), (538, 'Kvarien'), (81, 'Minuuar'), (2424, 'Rolli'), (2950, 'Salelor'), (3207, 'Typpo')]",3737,4472,798,63
4619,Nurrse,[],0,0,0,0
2603,Nutritional,[],3,0,0,3
79,Nyamaar,"[(5045, 'Ahma'), (5046, 'Exelon'), (5041, 'Nyagain'), (5042, 'Nyvz'), (5044, 'Ouie'), (5040, 'Rohboh'), (78, 'Zumbutu'), (5043, 'Zuumz')]",4407,5978,2078,507
2923,Nyghthawk,"[(2924, 'Agynt'), (2925, 'Earthyn'), (4415, 'Leeerooy'), (2927, 'Leeeroy'), (3025, 'Lilbert'), (4260, 'Stacys'), (2926, 'Toonee'), (4194, 'Waltir')]",1359,1035,36,360
624,Nylisa,[],0,0,0,0
3745,Nyquist,"[(3747, 'Defknot'), (3746, 'Glokta'), (3748, 'Nilnin'), (3749, 'Philos')]",757,190,13,580
3697,Oakum,"[(3696, 'Binnkin')]",0,0,0,0
349,Occulta,[],0,0,5,5
4947,Oconnor,[],6,0,0,6
2981,Ofkred,"[(3417, 'Averli'), (2566, 'Bohgan'), (638, 'Duckwalk'), (286, 'Kred'), (2583, 'Mylozen')]",3871,4931,1231,171
3732,Oggah,[],57,12,9,54
350,Oggork,[],0,3,18,15
4657,Okcoolman,[],0,0,0,0
4910,Okeh,[],36,0,15,51
4018,Okine,[],63,0,0,63
351,Oldaddy,"[(2384, 'Kazzador'), (738, 'Nelana'), (2383, 'Willace'), (667, 'Xasaniz')]",522,509,236,249
2543,Oldengray,[],28,3,0,25
777,Olve,[],2,0,0,2
2882,Oneeyd,"[(2540, 'Clorx'), (3141, 'Heelem'), (2757, 'Klrox'), (4024, 'Neeknocker'), (4060, 'Tinypick')]",1394,870,31,555
4096,Oomp,[],6,0,0,6
4037,Oordoor,[],15,0,0,15
352,Orchard,"[(2740, 'Papa')]",3,4,16,15
353,Orissa,"[(2920, 'Bagelbite'), (4537, 'Cothkitty'), (2495, 'Grimsoar'), (3947, 'Ramptank'), (772, 'Softpaws')]",7675,7322,464,817
4159,Orogo,[],10,0,0,10
3521,Orwellius,[],4,0,0,4
354,Osdm,[],0,0,7,7
2717,Ovaflo,[],598,486,0,112
4949,Ovio,[],1,0,0,1
3100,Owdat,"[(3124, 'Decomposing'), (3469, 'Discombobulator'), (3105, 'Floppydisc'), (3106, 'Netharu'), (3140, 'Nilsa'), (3104, 'Oodat'), (3454, 'Theodian')]",8685,9158,506,33
355,Pahan,[],0,24,186,162
3713,Pahnzer,"[(3716, 'Drzhivago'), (3718, 'Gixum'), (3717, 'Lightangel'), (3722, 'Maad'), (3715, 'Nnab'), (3714, 'Regel'), (3719, 'Soras')]",0,0,9,9
356,Pahon,[],0,3,50,47
3456,Pales,[],10,0,0,10
357,Pallius,"[(670, 'Gnooguey'), (3236, 'Lesqq')]",1331,129,414,1616
358,Pallm,[],0,55,55,0
4190,Panchovilla,[],69,0,15,84
3851,Pandorrin,[],3,0,0,3
4336,Paniny,[],3,0,0,3
4200,Panniq,"[(3990, 'Bawon'), (4295, 'Dezah Mator'), (4215, 'Hmath'), (4294, 'Rhianah Mator')]",1675,1762,152,65
4801,Panoram,"[(4802, 'Pandemick'), (4803, 'Panickatk')]",300,90,13,223
4615,Papias,[],0,0,0,0
3457,Parliement,"[(4692, 'Bessarion'), (3702, 'Bloor'), (3701, 'Broadview'), (3905, 'Kipling'), (4513, 'Ossington'), (3458, 'Parliament'), (3675, 'Password'), (3700, 'Sherbourne'), (3703, 'Spadina'), (4203, 'Yorkdale')]",8716,9950,1987,753
5015,Paulbunyan,[],3,0,0,3
4609,Paulywauly,[],0,0,0,0
360,Pause,"[(671, 'Oooo'), (4369, 'Oooober'), (4088, 'Ooosk'), (3591, 'Phenomic'), (4829, 'Phenomico')]",8072,8473,696,295
3440,Pawblo,[],1191,125,6,1072
3758,Pawesome,[],3,0,0,3
3727,Pawgmoth,"[(5008, 'Carshi'), (3983, 'Kubernetez'), (4773, 'Pawgbane'), (4257, 'Pawgmonk'), (4146, 'Pokeito')]",3787,3892,329,224
3246,Pawsoffury,[],24,0,9,33
4122,Pebkac,[],0,0,0,0
4736,Peepubbs,[],3,0,0,3
5007,Peepubbys,[],3,0,0,3
361,Pella,[],0,0,8,8
2556,Pepperjac,[],0,0,0,0
3526,Perfectten,"[(3527, 'Asthmadeus'), (3528, 'Rideontime'), (3273, 'Umbasa'), (2707, 'Yozo')]",1496,1355,15,156
4945,Pheltcher,[],0,0,0,0
2871,Phistos,"[(3249, 'Barker'), (3250, 'Loqui'), (2962, 'Phisma'), (3251, 'Trebl')]",6805,6643,117,279
694,Phobeous,"[(546, 'Cadavers'), (2939, 'Cynbad'), (2308, 'Gwideon'), (2309, 'Quindarus'), (2310, 'Rayddar'), (3301, 'Resqueue'), (26, 'Shadowbinder'), (4566, 'Sicarious'), (2205, 'Simonsays'), (776, 'Toomer')]",2865,3752,1345,458
4832,phyxious,[],255,0,15,270
3562,Picman,[],3,0,0,3
5005,Pipea,[],6,0,0,6
363,Pipen,[],0,34,71,37
3519,Pippes,[],4,0,0,4
3044,Pira,"[(3483, 'Healze')]",105,51,9,63
3235,Pitorro,"[(3234, 'Valuros')]",514,456,0,58
364,Pixeliza,[],0,42,167,125
365,Pixella,"[(4019, 'Dworphine'), (675, 'Marchand'), (3807, 'Ramulack'), (3977, 'Tibmit')]",624,118,93,599
16,Pkan,"[(72, 'Chipsonfire'), (71, 'Drooish')]",40,553,547,34
723,Placeholder,[],0,0,0,0
367,Plinki,"[(121, 'Barguren'), (2842, 'Reau'), (677, 'Skribner'), (540, 'Zydrate')]",718,1107,769,380
3763,Ploktor,"[(4278, 'Binstabin'), (3862, 'Dalimar'), (3790, 'Hats'), (3764, 'Kloktor'), (3767, 'Magicmouth'), (3765, 'Qloktor'), (3766, 'Tripplesix')]",6595,6466,383,512
2922,Plumpydump,[],63,0,3,66
3325,Poee,[],3,0,0,3
368,Poiseuille,"[(2362, 'Joepesci'), (4634, 'Virchow')]",3340,3567,305,78
4811,Poisuelle,[],0,0,0,0
583,Poisun,"[(140, 'Chedar'), (2558, 'Darksith'), (2559, 'Executie'), (3639, 'Jeru'), (2761, 'Negan'), (2557, 'Shanks')]",4951,6017,1240,174
4558,Pokesticku,"[(4696, 'Chakra'), (4690, 'Reluctor'), (4887, 'smalliest')]",1452,1429,216,239
3280,Pokez,"[(3281, 'Angelz'), (3757, 'Wrektz')]",9,9,9,9
369,Pokster,"[(2763, 'Kefin'), (2459, 'Lyyt'), (2716, 'Ripface')]",91,12,40,119
2816,Pollen,"[(2854, 'Aluxen'), (2845, 'Baladar'), (3825, 'Bluxen'), (2847, 'Dluxen'), (2852, 'Eluxen'), (2848, 'Fluxen'), (2850, 'Gwydon'), (2844, 'Jamiee'), (2846, 'Jasnah'), (2849, 'Jorrne'), (2855, 'Myths'), (2853, 'Nazt'), (2851, 'Terribility'), (3826, 'Vita')]",576,296,22,302
3079,Poolio,[],6,0,0,6
370,Popn,[],0,0,40,40
4454,Popote,"[(4518, 'PENETRATOR'), (4504, 'Violador')]",69,10,9,68
3648,Posatrocible,"[(4205, 'Azzum'), (3993, 'Fuzzle'), (3929, 'Ireptile'), (3889, 'Korthek'), (3994, 'Kradge'), (3930, 'Oglen'), (4204, 'Rezrov')]",2784,2693,169,260
13,Posiden,"[(3463, 'Krashcart'), (2296, 'Plunge'), (3897, 'Purrge'), (2295, 'Seriyal')]",14930,14420,1542,2052
4833,Pouisfrenchname,[],3,0,0,3
3479,Powerpup,[],3,0,9,12
4157,Powershortage,[],2,0,0,2
3637,Praison,"[(3335, 'Prais')]",182,39,0,143
371,Praxys,[],0,0,6,6
4500,Prettikitty,[],22,0,0,22
4391,Prettikity,[],0,0,0,0
4484,Privan,[],3,0,0,3
4032,Prizmatic,[],15,0,0,15
3860,Prock,[],3,0,0,3
4491,Prokino,[],6,0,0,6
3474,Promaja,"[(3649, 'Weemezz')]",328,166,27,189
5006,Protect,[],6,0,0,6
372,Psychotropical,[],0,3,82,79
373,Psyocilly,[],0,96,120,24
4222,Puddleglum,[],3,0,0,3
374,Pufferfish,[],8,0,17,25
3615,Pullukka,"[(3636, 'Height'), (3616, 'Weigh')]",99,18,18,99
4754,Pullur,[],9,0,0,9
375,Pulsarvadon,"[(3210, 'Myrnomoor'), (3196, 'Zendril')]",27,15,31,43
3996,Pundgy,"[(4015, 'Borion'), (3999, 'Cudo'), (4014, 'Impid'), (4013, 'Kaniadin'), (4016, 'Mirro'), (3998, 'Mirros')]",757,752,25,30
673,Puque,"[(362, 'Pericolos')]",1418,1336,232,314
376,Purpyl,"[(2326, 'Gonarof'), (541, 'Greyy'), (2380, 'Kiddy'), (681, 'Phantastik'), (780, 'Pinq'), (778, 'Qitkat'), (4546, 'Taddler'), (740, 'Yello')]",4625,5838,1579,366
4283,Purrls,[],59,0,0,59
377,Pusa,[],0,0,7,7
682,Pusakitty,[],0,0,0,0
378,Quadzillion,[],0,0,13,13
4519,Quaked,[],6,0,0,6
55,Quanntas,"[(3367, 'Conthiella'), (190, 'Faywen'), (2300, 'Quanttas')]",2171,2871,953,253
2629,Quarrell,[],6,0,0,6
2876,Quenttin,[],9,0,0,9
598,Quicksilvyr,[],0,0,0,0
4137,Raelana,[],0,0,0,0
2475,Raellik,[],3,0,0,3
2378,Rafey,[],6,0,0,6
379,Ragarok,[],134,206,87,15
4608,Ragefoot,[],0,0,0,0
3346,Ragnaroth,"[(3495, 'Lamotrigine'), (4825, 'Palacybin')]",322,286,15,51
2983,Rahmani,"[(3020, 'Meguvin')]",68,71,3,0
3789,Rainwarden,[],6,0,0,6
3400,Raisk,"[(3385, 'Bites'), (4879, 'Pees'), (4878, 'Vote')]",884,825,24,83
3319,Raizersaurus,[],187,92,0,95
380,Rajima,[],0,0,3,3
4490,Ralanov,[],6,0,0,6
2878,Ralfus,[],423,398,3,28
3660,Ralo,[],3,0,0,3
643,Ramii,[],0,0,0,0
4171,Rammedge,[],75,0,0,75
3793,Raor,"[(3603, 'Glain')]",592,607,45,30
3694,Rapidus,"[(3682, 'Holystitch'), (3683, 'Merdif'), (3857, 'Persuading')]",407,347,40,100
4984,Rats,[],12,0,9,21
2279,Raverin,"[(2445, 'Ariose'), (294, 'Laux'), (4521, 'Mrou'), (3925, 'Poddle'), (641, 'Raxem')]",1460,1705,376,131
3663,Ravin,[],141,99,9,51
3915,Rawbyn,"[(3913, 'Abbiy'), (2830, 'Deener'), (3911, 'Enderr'), (3918, 'Fizzelfry'), (2829, 'Geener'), (3914, 'Gwaarr'), (3917, 'Jonnywest'), (3916, 'Mervynne'), (3919, 'Netherbien'), (3912, 'Steeng')]",154,0,9,163
3543,Rawiz,[],293,296,9,6
381,Raymund,"[(2647, 'Alinie'), (2623, 'Alltaire'), (2644, 'Borogue'), (2718, 'Botracker'), (2646, 'Cling'), (2645, 'Inkky'), (3493, 'Kelethan'), (4051, 'Kelethen'), (2565, 'Magerin'), (4053, 'Professorstabs'), (4052, 'Rivendale'), (50, 'Talimain'), (684, 'Trollzalot')]",7154,7537,1051,668
4461,Recipe,[],1,0,0,1
382,Recnamorcenater,[],0,0,9,9
383,Redesper,"[(3216, 'Aorta'), (4642, 'Behemoth'), (4644, 'Pulsar'), (4641, 'Ragnarok'), (4643, 'Tetsuo')]",2661,2758,325,228
646,Redgar,[],0,0,0,0
2253,Relea,[],15,0,0,15
3304,Relto,"[(3306, 'Macready'), (3305, 'Sebekiz'), (3967, 'ZZTop')]",4813,4368,340,785
2580,Reswagerator,"[(2582, 'Krimkram'), (2581, 'Liliplix')]",3,0,0,3
384,Revibr,[],0,0,31,31
4170,Rexlu,"[(335, 'Murik')]",67,0,3,70
385,Reynas,[],0,55,105,50
542,Reynis,[],0,0,0,0
3300,Rezington,[],2,0,0,2
722,Rezzolute,[],0,0,0,0
386,Rhamael,[],0,63,82,19
4141,Rhunmcbuggy,[],15,0,0,15
703,Ricci,[],0,0,0,0
2476,Rickit,"[(2875, 'Doopi'), (2502, 'Gitz'), (3646, 'Klimbo'), (2500, 'Quibbler')]",486,264,-86,136
22,Ridiculicious,"[(2529, 'Bustneck'), (2586, 'Bustneckcashcheck'), (2585, 'Clungina'), (2587, 'Gratzfrenzy')]",173,221,96,48
3799,Rikex,[],3,0,9,12
387,Riley,"[(2767, 'Jonezi'), (4664, 'Katiekat'), (4893, 'Zyffix'), (4662, 'Zyxxeh'), (4663, 'Zyxxev'), (2432, 'Zyxxin')]",8702,8867,278,113
3520,Rionrampage,[],4,0,0,4
388,Riphealer,[],0,164,164,0
4853,Riptorage,[],6,0,0,6
3117,Riverboy,[],3,0,0,3
3708,Rizzla,[],13,0,0,13
389,Rockness,[],0,0,3,3
390,Rodimus,[],0,0,26,26
3387,Rokaz,"[(3389, 'Chatterer'), (3427, 'Doremi'), (3426, 'Snekboy'), (3388, 'Tamo')]",613,475,9,147
392,Rolldeep,"[(4438, 'Akerfell'), (2625, 'Blazetree')]",1326,1519,286,93
574,Ronstock,[],0,0,0,0
708,Rorlbrand,[],0,0,0,0
4955,Roxem,[],3,0,0,3
393,Roxypop,[],4,33,78,49
394,Rrokko,[],0,0,15,15
395,Rugzen,[],0,0,8,8
654,Rumagim,[],12,0,0,12
396,Rumoer,[],0,64,67,3
397,Rushing,[],373,251,34,156
4981,Rydawg,"[(4956, 'Ranas')]",333,125,34,242
4733,Ryjall,[],540,467,9,82
398,Rykis,"[(4186, 'Arryazella'), (690, 'Draxom')]",923,989,98,32
2930,Rykk,[],34,0,0,34
3904,Rynk,[],23,0,9,32
399,Ryona,[],0,3,60,57
400,Ryphe,[],0,0,6,6
4806,Rythik,"[(4843, 'Fruitloop'), (3778, 'Healiin'), (4808, 'Himap'), (4807, 'Hinae'), (4844, 'Jarg'), (3777, 'Klaaratee'), (4809, 'Merran'), (3779, 'Silliten')]",123,30,9,102
3128,Sabah,[],4,0,3,7
401,Saejin,[],0,44,44,0
402,Safetouch,[],0,64,64,0
403,Sahoni,[],269,169,-100,0
3783,Sair,[],12,0,0,12
4913,Salian,[],202,0,9,211
4614,Salinja,[],0,0,0,0
4972,Sallanie,"[(4980, 'Cerau'), (4979, 'Gambie'), (4978, 'Hectate'), (4975, 'Molkor'), (4976, 'Nixxian'), (4973, 'Sallaine'), (4974, 'Scoriae'), (4977, 'Virtuosoe')]",0,0,9,9
4429,Saltybagel,[],4,0,0,4
4772,Sanakis,[],24,0,0,24
405,Sans,[],0,21,30,9
2477,Saranen,[],6,0,0,6
4421,Sarekrn,[],632,513,27,146
406,Sasquatchx,[],0,0,32,32
4539,Saurun,"[(85, 'Dayel'), (3146, 'Ilvara'), (2760, 'Morwen'), (4, 'Muggler'), (83, 'Muggwin'), (3365, 'Muggz'), (86, 'Taarna'), (84, 'Thibbledorf')]",11647,14037,2585,195
3695,Savine,[],0,0,9,9
407,Savull,[],12,5,39,46
2700,Scalebeard,"[(2701, 'Buefford'), (4334, 'Huborus'), (2702, 'Huculeez'), (3662, 'Zenas')]",3759,3568,0,191
3975,Scaleshadow,"[(3976, 'Jeronimo')]",11,0,9,20
3927,Scooby,"[(3928, 'Ursulax')]",3,0,9,12
408,Scoundril,[],0,3,53,50
14,Sedussa,"[(545, 'Hookm'), (2551, 'Labotimusss')]",8939,8908,256,287
2240,Segador,[],3,0,0,3
4323,Seidran,"[(4322, 'Krellr'), (4321, 'Sesserdrix'), (4648, 'Skuldr')]",1158,850,46,354
3299,Sempriini,[],25,0,0,25
4042,Sendalor,[],15,0,0,15
4742,Senorfrodo,"[(3896, 'Cynarah'), (3507, 'Eddilizard'), (3277, 'Kelthnic')]",471,448,12,35
2590,Sentinel,[],3,0,0,3
4756,Seone,[],3,0,0,3
409,Sephex,[],0,0,16,16
3888,Sequor,[],6,0,0,6
3263,Serafia,"[(2972, 'Ambrlie')]",46,0,3,49
4768,Sessyoin,[],1,0,0,1
3371,Sethelarian,[],3,0,0,3
410,Sethlorian,[],242,164,200,278
3549,Setpreme,"[(3551, 'Atramentous'), (3552, 'Sinah'), (3555, 'Suprerne')]",28,0,12,40
3230,Sevwyn,[],189,30,0,159
4881,Sgul,"[(3565, 'Cithulu'), (4914, 'Lutenant'), (4107, 'Mython'), (4882, 'Nagavox'), (3180, 'Quatzal')]",2285,1952,53,386
2323,Shadol,"[(3004, 'Beni'), (2798, 'Goofba'), (3497, 'Hiltdeep'), (3393, 'Jezable'), (4156, 'Keeblyr'), (2799, 'Lizarrdo'), (3039, 'Sifonin'), (3882, 'Tamarien'), (3005, 'Underhilll'), (3284, 'Vrael')]",4088,4687,1271,672
411,Shadowsbane,[],0,146,169,23
3726,Shakiraz,"[(3550, 'Peachez'), (3641, 'Stewartt'), (446, 'Tanga')]",1402,835,70,637
4747,Shakkakhan,[],1911,1749,55,217
3439,Shallazar,"[(4258, 'Dundermiff'), (4938, 'Griddy'), (3396, 'Rezzinumb')]",73,0,9,82
412,Shamblix,"[(2491, 'Artbelle'), (2472, 'Lilttlebit'), (2372, 'Sweetscales')]",8331,10289,2665,707
6,Shammeow,"[(2674, 'Basics'), (2233, 'Cleavedge'), (695, 'Guschigns'), (4115, 'Redline'), (3773, 'Selson'), (2376, 'Thundercat')]",3129,2679,828,1278
4374,Shamwowi,"[(4375, 'Bazgek'), (4376, 'Sznake')]",57,0,9,66
4262,Shamwowww,"[(3067, 'Ganipcanot'), (3101, 'Singysongy')]",357,353,9,13
2914,Shanya,[],112,0,0,112
5048,Shaoshao,"[(5049, 'Destruck')]",57,0,9,66
2589,Sharpclaws,[],6,0,0,6
5,Shasasrn,"[(4387, 'Deadtouch'), (2388, 'Deluan'), (163, 'Diesis'), (217, 'Healarios'), (2662, 'Kittenhulk'), (2389, 'Qyen'), (3383, 'Ranril'), (4388, 'Sumeowning'), (2390, 'Tagbuk'), (2605, 'Tugbook')]",9423,10389,1597,631
4600,Shatmo,[],3,0,0,3
5035,Shawwman,[],0,0,0,0
3,Shaydir,"[(3392, 'Invysibility'), (3209, 'Jerkins'), (3871, 'Snackletastic'), (3887, 'Sylken')]",9089,10015,983,57
413,Shelks,[],0,0,32,32
2912,Shento,"[(3260, 'Chieftan'), (3923, 'Fazzelin')]",2089,2005,28,112
414,Shieldmaiden,[],9,0,26,35
584,Shinnoir,[],0,0,0,0
639,Shivze,[],0,0,0,0
4533,Shixx,[],6,0,0,6
3987,Shoudao,[],3,0,0,3
762,Shyye,"[(152, 'Darkshyye'), (589, 'Rakelle'), (521, 'Shyyefox')]",763,1326,1044,481
416,Sidix,[],0,0,45,45
3256,Sievey,[],507,0,0,507
4532,Sifana,[],6,0,0,6
4192,Silkysoft,[],3,0,0,3
417,Similia,[],0,35,47,12
3247,Simpleman,[],3,0,0,3
3200,Sinfuldesire,[],63,54,3,12
418,Singsoften,[],0,0,24,24
3177,Sinnisterfire,[],3,0,0,3
419,Sirken,[],0,0,9,9
4043,Sirora,[],15,0,0,15
4880,Sirri,"[(3303, 'Seleana'), (3077, 'Sereana')]",393,384,3,12
420,Sitius,[],0,4,21,17
421,Sixs,"[(2932, 'Vulps')]",3,0,29,32
2425,Skaleator,[],16,0,0,16
2322,Skalle,"[(2429, 'Bruisz'), (2385, 'Raoull')]",78,54,3,27
3541,Skan,[],0,0,0,0
3635,Skaner,"[(4788, 'Healloween')]",670,654,83,99
3013,Skanker,[],166,52,3,117
422,Skassic,"[(698, 'Arkterex'), (2443, 'Ceranade'), (4684, 'Katnap')]",109,41,84,152
423,Skewp,[],0,15,21,6
3752,Skinyjeenze,[],3,0,0,3
3416,Skitskalle,"[(3343, 'Gazbi'), (4935, 'Lilskit'), (4425, 'Phaker'), (4077, 'Skitana'), (4497, 'Theysee')]",5221,5251,310,280
3127,Skki,[],0,0,0,0
424,Skrimpkle,[],0,0,14,14
3118,Skullmonkey,"[(3632, 'Armikrog'), (3633, 'Beakbeak'), (3259, 'Bertbert'), (3198, 'Bone'), (3354, 'Boombots'), (3080, 'Hoborg'), (3081, 'Klaymen'), (3290, 'Klogg'), (3634, 'Rocklobster')]",1609,1442,57,224
2872,Slaa,[],178,151,3,30
601,Slackz,[],0,0,0,0
4035,Slagnar,[],15,0,0,15
2643,Slaughtr,[],6,0,0,6
2563,Slaxor,"[(3033, 'Breaz'), (2447, 'Lobal'), (3760, 'Monno'), (4738, 'Plineey'), (2439, 'Xerno'), (4694, 'Yueng')]",3497,3296,3,204
3139,Slitherred,"[(3217, 'Celesteheal'), (4751, 'Charisss'), (3188, 'Kyrazz'), (3138, 'Slitherring'), (4779, 'Slitherry'), (3168, 'Squirrellies')]",1761,1757,69,73
4616,Slonk,[],0,0,0,0
2370,Smallone,"[(2968, 'Littlehelp')]",929,918,0,11
4617,Smarshn,[],0,0,0,0
425,Smitehiggens,[],0,0,45,45
2732,Snails,[],0,0,0,0
2735,Snapp,[],0,0,0,0
2917,Sneakss,[],18,0,0,18
4112,Snicklecritz,[],21,0,0,21
3730,Snicklekikz,[],6,0,0,6
2452,Snivelton,"[(2695, 'Auroree'), (2874, 'Awol'), (2503, 'Felwar'), (2825, 'Flipflip'), (2694, 'Shankerton')]",1998,1954,70,114
544,Snookii,[],0,0,0,0
3287,Snowmaiden,[],3,0,0,3
426,Softheart,"[(2276, 'Kendaine')]",31,28,57,60
3135,Sogun,[],45,0,3,48
2868,Sojor,"[(4758, 'Joost')]",15,0,0,15
3818,Solimanius,[],301,104,0,197
3831,Solti,[],4,0,0,4
3446,Solurus,"[(3865, 'Layerone')]",731,674,9,66
2860,Sonla,[],3,0,0,3
4303,Soothslayer,[],21,0,0,21
2226,Soowzz,"[(2317, 'Branok')]",767,484,2,285
3979,Soportar,"[(4364, 'Epithelium'), (2905, 'Tparim'), (2774, 'Zlau')]",1216,1040,59,235
3885,Sorai,"[(2536, 'Crico'), (4218, 'Rabu'), (2669, 'Teid')]",392,211,3,184
427,Sororf,[],18,34,40,24
428,Soryah,"[(2421, 'Candace'), (4814, 'Charlotte'), (3899, 'Cooper'), (779, 'Dennis'), (548, 'Holl'), (3959, 'Jeffery'), (4001, 'Jessica'), (2758, 'Oliviah'), (52, 'Tekelili'), (4870, 'Wildfire')]",3352,2910,419,861
2698,Souldevourz,[],6,0,0,6
2793,Soulsiphon,[],18,0,0,18
4688,Souran,[],6,0,9,15
3068,Soydent,[],144,94,3,53
429,Spacepope,"[(3397, 'Cruxington'), (4319, 'Stderr'), (4318, 'Tacopope')]",5920,7630,1959,249
3734,Spacewizzard,[],0,0,0,0
2938,Spach,[],0,0,0,0
430,Sparx,[],0,0,12,12
2591,Spasedooce,[],99,0,0,99
2371,Spasepope,[],4054,680,337,3711
3376,Specialty,[],6,0,0,6
4337,Splinterfoot,[],3,0,0,3
2820,Sprall,"[(2910, 'Cinyin')]",1725,1490,3,238
3069,Sprixit,[],0,0,0,0
2549,Srewop,[],6,0,0,6
4459,Srss,[],1,0,0,1
2940,Ssaul,"[(2946, 'Drotee'), (2947, 'Olivver'), (2949, 'Ssaulacious'), (3802, 'Ssaulestial'), (2948, 'Ssaultytrader'), (2941, 'Zulis')]",10630,10869,728,489
2420,Sseep,"[(2404, 'Hoben'), (3282, 'Tepoz'), (2887, 'Tonnic'), (3283, 'Woote')]",540,505,22,57
2902,Ssleastak,"[(2903, 'Bigphatty'), (3988, 'HongkongPhooey'), (4511, 'Honkongfooey'), (2901, 'Tagord'), (4522, 'Witchiepoo'), (4133, 'Xatari')]",4010,3874,138,274
2789,Ssolo,"[(3962, 'Sslowu')]",1276,1287,65,54
431,Ssotorp,"[(549, 'Chesa')]",0,0,7,7
432,Ssravix,[],0,3,16,13
3617,Sstabby,[],3,0,0,3
555,Staabs,[],32,0,0,32
3590,Stabzing,[],0,0,0,0
725,Stahmeenia,[],0,0,0,0
4106,Stanas,[],3,0,0,3
3089,Starie,"[(3090, 'Dollface')]",36,0,3,39
2934,Starm,[],3,0,3,6
4379,Stashia,[],219,0,-219,0
696,Steelattack,[],0,0,0,0
2225,Stella,[],6,0,0,6
524,Stilton,[],0,0,0,0
4748,Stormio,[],6,0,0,6
2714,Stormwulfe,[],0,0,0,0
41,Stoutbeer,"[(3082, 'Boogeywoman'), (3810, 'Clasher'), (2527, 'Curar'), (701, 'Flutemistro'), (2434, 'Ladystout'), (4251, 'Marzen'), (2274, 'Shysta'), (748, 'Thirtyone'), (2275, 'Vermito'), (4805, 'Weizen')]",12506,13806,1751,451
433,Strawberrypie,[],0,0,13,13
4796,Stumpurt,[],117,25,21,113
434,Stygian,"[(2392, 'Thorned'), (3016, 'Wracked')]",931,645,104,390
3564,Suarez,[],9,0,0,9
33,Suboptimized,"[(550, 'Booksnotup'), (2232, 'Ductaheal'), (3840, 'Idrinkan'), (2766, 'Jackthe'), (2278, 'Poofimadog'), (702, 'Quaintbar'), (2277, 'Quaintmag'), (3954, 'Quaintshaman')]",2879,3317,741,303
435,Succession,"[(2764, 'Fraxto')]",51,46,12,17
4565,Suersaq,[],0,0,9,9
3542,Sukaretto,"[(4836, 'Ayunka'), (4837, 'Mutante'), (3544, 'Xuchuka')]",4678,4592,168,254
3650,Sulacco,[],0,0,0,0
4120,Sunjian,[],0,0,0,0
3863,Sunnn,[],464,117,9,356
436,Sunnyjo,"[(3425, 'Lizzylemon'), (3066, 'Sarita')]",518,772,411,157
2893,Sunwind,"[(4896, 'Dawnwind'), (2913, 'Moonwind'), (4750, 'Rainwind'), (4162, 'Skywind')]",7222,7255,268,235
437,Supahh,[],0,3,18,15
627,Suqet,[],0,0,0,0
36,Susylu,"[(2693, 'Constantina'), (4924, 'Finnleys'), (4770, 'Gankey')]",5054,4553,349,850
2936,Suviarc,[],3,0,0,3
3710,Suwon,[],3,0,0,3
4304,Suzo,"[(4874, 'Hrok')]",1781,1455,9,335
438,Swandylia,[],0,0,17,17
608,Swindles,[],6,0,0,6
4447,Syclop,[],36,0,0,36
3368,Sylenthone,"[(4727, 'saibai'), (3819, 'taimai')]",1204,1004,24,224
439,Synful,[],0,0,60,60
440,Synvilir,[],0,137,139,2
441,Syreene,[],0,0,3,3
3360,Sythes,[],0,0,0,0
3143,Tabbun,"[(3142, 'Kulrath'), (3364, 'Kulrog'), (20, 'Sanvaranu'), (4241, 'Shaaxor'), (4259, 'Xarkxiss')]",1268,1267,83,84
3344,Tabithia,"[(3966, 'Crysana'), (4743, 'Ferrisx'), (3841, 'Susprinna')]",680,284,96,492
5031,Tackion,[],0,0,0,0
3872,Tagnut,"[(4424, 'Sylbee'), (4255, 'Tagnuts')]",1758,1471,76,363
443,Taigam,"[(4749, 'Drud'), (4701, 'Ellena'), (2715, 'Glissa'), (4639, 'Grokus'), (4633, 'Likii'), (4673, 'Trakkini')]",2712,3051,339,0
4586,Taigor,"[(4871, 'Feignan'), (4674, 'Teluvian')]",1504,1349,66,221
668,Taillwin,[],0,0,0,0
444,Taiterz,[],0,3,6,3
4437,Talaskar,"[(4450, 'Bronston'), (4448, 'Sajiro')]",0,0,9,9
4411,Taleyn,"[(4412, 'Crathos')]",162,65,9,106
3042,Taliesan,[],0,0,3,3
2592,Talt,[],46,3,0,43
445,Tameimpala,[],0,0,5,5
4689,Tandoor,[],120,35,9,94
5047,Tangela,[],3,0,0,3
447,Tanom,[],0,0,6,6
448,Tapered,[],0,14,43,29
4601,Taringail,[],0,0,0,0
3345,Taum,[],12,0,0,12
4147,Tawanda,[],3,0,0,3
449,Tead,[],0,6,31,25
4567,Tearrah,[],72,0,0,72
706,Teed,[],0,0,0,0
3893,Teeniee,[],0,0,0,0
4398,Teenypope,[],181,0,0,181
4430,Tegridy,"[(4452, 'Describe'), (4433, 'Krombopulus')]",422,25,17,414
3190,Telena,"[(4065, 'Cinday'), (3729, 'Gronkh'), (3379, 'Knueppelkuh'), (3861, 'Laminator'), (3293, 'Nidavellir'), (4442, 'Purrlock'), (3477, 'Straha')]",5341,5749,958,550
3571,Temerian,"[(3576, 'Celexis'), (3575, 'Pheenox'), (3574, 'Virynar'), (3577, 'Zaleena')]",147,126,-21,0
4113,Temptra,[],0,0,0,0
3546,Teomus,"[(4144, 'Taomus'), (4145, 'Toomus'), (4142, 'Tuomus'), (4143, 'Tyomus')]",2928,3564,708,72
4163,Teppo,[],6,0,0,6
765,Terroir,[],9,0,0,9
3007,Tethler,"[(3036, 'Solinius')]",21,0,0,21
24,Texas,"[(3165, 'Bacio'), (3568, 'Badpulls'), (734, 'Beomund'), (3169, 'Draztic'), (281, 'Klesko'), (735, 'Morbane'), (736, 'Trail')]",7529,8396,1084,217
4131,Thanon,[],3,0,0,3
4716,Theninth,[],3,0,0,3
2243,Thermonuke,[],3,0,0,3
4611,Thesinfluence,[],0,0,0,0
4790,Thesteus,"[(4253, 'Allize'), (4252, 'Zieromann')]",24,0,15,39
4458,Thirona,[],1,0,0,1
450,Thischarm,[],0,146,170,24
4033,Thodinna,[],15,0,0,15
687,Thorbod,[],0,0,0,0
451,Thorhild,[],0,22,49,27
4463,Thormir,[],1,0,0,1
714,Thrabbing,[],0,0,0,0
2396,Thragtusk,"[(2547, 'Plaguecrafter')]",77,0,16,93
2711,Thron,"[(2712, 'Vallos')]",42,0,12,54
3651,Throxis,"[(4939, 'Dannix')]",39,0,0,39
452,Thurd,[],3,0,71,74
453,Thyrn,[],27,52,41,16
3784,Tictik,[],12,0,0,12
454,Tillas,[],0,223,263,40
4174,Tilo,[],30,0,15,45
4693,Tineril,[],9,0,0,9
2616,Tinypope,[],1041,0,-307,734
4266,Tiperton,[],3,0,0,3
3878,Tipperton,[],0,0,0,0
455,Tirilly,[],0,0,3,3
456,Tisit,"[(3536, 'Nephanee')]",69,0,16,85
3566,TisT,[],0,0,0,0
4041,Toar,[],15,0,0,15
457,Toast,[],73,108,88,53
4312,Tobbybane,[],3,0,0,3
458,Tobbyseer,[],0,241,347,106
709,Tobbyshrew,[],15,0,0,15
3833,Tocar,"[(3837, 'Acyro'), (3835, 'Fellin'), (3834, 'Gakorb'), (3836, 'Gristlebayne'), (3839, 'Rubidium'), (3838, 'Treeplanter')]",0,0,0,0
2499,Tocro,[],75,31,0,44
459,Toenaily,[],0,0,13,13
3515,Tofat,[],4,0,0,4
460,Tokaii,[],0,0,13,13
4250,Tonyylittle,[],6,0,0,6
3943,Tortus,"[(3944, 'Majeeshan')]",33,0,9,42
663,Torvonnilous,[],9,3,3,9
3186,Totin,[],6,0,0,6
461,Toucher,[],0,0,6,6
4729,Toxidendra,[],0,0,0,0
3873,Tpexx,[],0,0,0,0
3237,Trackthis,[],6,0,0,6
2667,Trainedbyme,[],42,0,0,42
3358,Transporteur,[],0,0,0,0
3561,Travelsized,[],537,413,15,139
3950,Traxton,"[(4571, 'Arezer'), (4728, 'Arezlyn'), (4569, 'Drakonn'), (4745, 'Kytano'), (4568, 'Lykan'), (4572, 'Rothark'), (4573, 'Tarick'), (4570, 'Teirian'), (4753, 'Velryn'), (4828, 'Veltron')]",1363,1335,-28,0
28,Trazzle,"[(2501, 'Agroisbroken'), (3040, 'Karbuk'), (2533, 'Oyah'), (760, 'Pooma'), (2523, 'Poopieplague'), (761, 'Trizzle'), (720, 'Truzzle'), (493, 'Woolyspider')]",1376,1138,-238,0
463,Trenger,"[(2991, 'Treng'), (3095, 'Trengerer'), (2626, 'Trengerest'), (711, 'Trengest'), (2485, 'Trengester'), (2738, 'Trengestest')]",2797,2165,93,725
4622,Treno,[],0,0,0,0
2634,Trilok,"[(3652, 'Kautin'), (2722, 'Kibito'), (3655, 'Pikkoro'), (3658, 'Raykin'), (2637, 'Ryklor'), (2723, 'Seargant'), (3204, 'Sylok'), (2636, 'Velu'), (2639, 'Vundaka'), (2638, 'Vykun'), (2635, 'Vylok')]",7532,7561,137,108
3302,Trinketsss,[],93,9,0,84
4056,Tris,"[(4057, 'Bargearse'), (4103, 'Fiddleford'), (4058, 'Lipid'), (4102, 'Starblind')]",111,0,9,120
3199,Trisandra,[],6,0,0,6
2599,Trozz,"[(2822, 'Aeriths'), (3951, 'Bestclass'), (3482, 'Chickentacos'), (4189, 'Completetrash'), (3399, 'Doesntscale'), (3924, 'Mezzoa'), (3183, 'Nobueno'), (2601, 'Santiago'), (3182, 'Shadowheal'), (2600, 'Theworstclass'), (3398, 'Widowmaker')]",5713,2061,111,3763
712,Tsaiko,"[(3921, 'Drivel'), (3137, 'Iconik'), (3693, 'Lunchsack'), (3136, 'Ogrilla'), (4908, 'Tsaibo'), (3248, 'Tsaike'), (464, 'Tsaikotik'), (4172, 'Tsaitrack'), (3529, 'Tsaitunes'), (2354, 'Velira')]",4271,4522,625,374
4462,Tseara,[],1,0,0,1
4132,Tubesocks,[],3,0,0,3
4959,Tuffcrackers,[],3,0,0,3
4958,Tulum,[],3,0,0,3
4712,Tunia,[],3,0,0,3
4414,Turrut,[],54,0,9,63
2840,Tuuil,"[(2841, 'Oblates')]",0,0,3,3
4238,Tuuvian,[],3,0,0,3
2969,Tuvan,[],6,3,3,6
3884,Twas,"[(3363, 'Basteel'), (4971, 'Chelly'), (4906, 'Istarted'), (3421, 'Lupp'), (4730, 'Ooodles'), (3808, 'Snoogy'), (5036, 'Tewaz'), (4426, 'Twaz')]",5692,5633,284,343
2632,Twiggles,"[(465, 'Tunawiggle')]",3925,3902,22,45
4774,Twochain,"[(4776, 'Cells'), (4799, 'Feiht'), (4775, 'Slanging'), (4777, 'Tranquil')]",357,115,62,304
466,Twoseeme,[],0,20,20,0
467,Tyania,[],0,0,12,12
2550,Tychi,"[(2568, 'Agent'), (2673, 'Catpot'), (2686, 'Cyanize'), (2685, 'Forrestal'), (2683, 'Sinisters'), (2684, 'Zalrid')]",1173,882,3,294
468,Tyet,[],0,172,244,72
3206,typpo_xfer,[],12,45,38,5
4744,Tyrasli,"[(4892, 'Cthulia'), (4859, 'Daril'), (4860, 'Lisanne')]",723,735,186,174
3322,Uaelaen,[],159,6,0,153
3098,Udatail,"[(3123, 'Hidde'), (3126, 'Parrett'), (3125, 'Udas'), (3407, 'Udatail2')]",668,546,3,125
3560,Udatall,"[(3597, 'Erak'), (3621, 'Heilum')]",636,659,26,3
3324,Ugustus,[],3,0,0,3
2234,Ulazia,[],190,0,9,199
4467,Ulfrok,[],1,0,0,1
472,Ulrin,"[(2248, 'Kromme'), (2305, 'Yessys')]",15,36,51,30
4470,Ultraluminal,[],1,0,0,1
4697,Ultraviolet,[],15,0,0,15
2987,Ultravisn,[],27,0,0,27
77,Unclefatty,"[(2881, 'Gorrbage'), (3654, 'Gorrdita'), (4390, 'Gorrdyceps'), (2769, 'Gorrest'), (43, 'Gorrgorr'), (3844, 'Nucklepuck')]",4353,4502,379,230
3480,Undar,"[(3481, 'Conniving')]",0,0,0,0
4385,Undeadkitty,[],47,0,4,51
473,Urethritis,[],0,0,12,12
474,Utmost,[],0,0,49,49
4468,Vadored,[],1,0,0,1
4395,Vaelyen,[],0,0,9,9
475,Vagishin,[],0,0,16,16
476,Valdaar,"[(715, 'Dreaddraxx'), (2498, 'Valdaer')]",0,0,42,42
2537,Valious,[],30,6,0,24
3083,Valli,"[(3084, 'Akku'), (3087, 'Fanelan'), (3085, 'Xandy')]",171,0,3,174
3390,Vampe,"[(3391, 'Busti')]",239,113,10,136
477,Vandaren,[],0,0,3,3
3384,Vannelope,[],891,835,377,433
3132,Vebrado,"[(3158, 'Episkey'), (3147, 'Styginia'), (3133, 'Tkayo')]",322,304,7,25
4386,Veign,"[(4757, 'Solidsneak'), (4563, 'Zebulun')]",4705,4589,784,900
3312,Veikun,[],0,0,0,0
2611,Vekzar,[],31,0,0,31
4650,Vengencee,"[(4646, 'Wilport')]",14,0,0,14
479,Venmanaa,[],0,3,9,6
3645,Venny,"[(3688, 'Ambrosine'), (3691, 'Anatolia'), (3687, 'Aule'), (3689, 'Campervan'), (3685, 'Dartholomew'), (3686, 'Doromir'), (3684, 'Gnohemian'), (3664, 'Moonsammy'), (3690, 'Muchas'), (3681, 'Nareza'), (3666, 'Oshyan'), (3680, 'Porcelina'), (3665, 'Sarasvati')]",754,432,82,404
3166,Venturah,"[(3167, 'Gnostradamas'), (3184, 'Gnostradamus')]",207,91,3,119
2737,Verek,[],12,0,0,12
34,Vermax,"[(70, 'Dorkuus'), (2387, 'Fizzlesnick'), (4365, 'Makeway'), (3228, 'Snacklefatz'), (3774, 'Sneaklebeatz'), (2792, 'Sneaklefeetz'), (3795, 'Snickl'), (69, 'Snicklefitz'), (3366, 'Snickleftez'), (4325, 'Snicklehitz'), (3775, 'Vermez')]",13963,15440,2110,633
3785,Vertiigo,[],12,0,0,12
480,Veste,[],0,0,33,33
2974,Veterinarian,[],2622,568,342,2396
4199,Vezril,"[(4246, 'Ardaur'), (4861, 'Sebian')]",5779,5974,359,164
3776,Vibecat,[],51,0,0,51
3308,Vicotnik,[],0,0,0,0
4761,Viddar,"[(4763, 'Andolini'), (4764, 'Doaatm'), (4762, 'Mudgett')]",131,0,18,149
481,Vierge,[],0,0,6,6
54,Vieux,"[(4235, 'Bitzi'), (5001, 'Dolli'), (4237, 'Ikiks'), (91, 'Kitzi'), (2965, 'Mieux'), (4901, 'Mordeux'), (90, 'Nynian'), (87, 'Scian'), (89, 'Skiki'), (88, 'Skipping'), (2670, 'Sunakku'), (4236, 'Xtiki')]",6422,8706,2403,119
2963,Viin,[],229,3,4,230
3311,Viinen,[],3,0,0,3
2222,Vinicius,[],26,0,0,26
482,Vinsyar,[],372,366,17,23
483,Vinyara,[],0,3,11,8
2719,Virna,"[(3761, 'Serbero')]",48,30,9,27
4075,Vitalis,"[(4242, 'Dean'), (4079, 'Formal'), (4080, 'Haricot'), (4082, 'Nemesio'), (4081, 'Polemios'), (4114, 'Sodapop')]",559,596,89,52
4078,Vitalus,[],0,0,9,9
3814,Vivint,"[(3895, 'Tniviv')]",131,149,24,6
4620,Vizel,[],0,0,0,0
4708,Voaki,[],3,0,0,3
2595,Voheme,"[(2597, 'Angeliya'), (2596, 'Zallah')]",6,0,0,6
485,Voldin,[],0,107,107,0
3845,Voldom,[],49,12,9,46
4219,Vorachious,[],27,0,9,36
32,Vorian,[],425,35,43,433
3353,Vortaxis,"[(3355, 'Smileman'), (3334, 'Vortacos'), (3350, 'Vortalo'), (3333, 'Vortano')]",189,75,-114,0
3144,Vulat,[],3,0,0,3
486,Vynidalan,"[(2321, 'arthaz'), (2320, 'Hadoukenh'), (718, 'Ignos'), (2223, 'Kiljaedyn')]",127,48,61,140
4602,Vyssar,[],0,0,0,0
4698,Waggles,"[(4819, 'Anklekicker'), (4818, 'Bardley'), (4822, 'Lilstinky'), (4817, 'Monkaroni'), (4820, 'Nincom'), (4821, 'Tevilyn')]",3,0,0,3
2238,Wakaru,[],3,0,0,3
658,Wakkadoo,[],0,0,0,0
3720,waldan,"[(3721, 'sayyer')]",405,402,18,21
487,Warmonstar,[],0,0,5,5
3854,Weeezard,"[(76, 'Bambush'), (23, 'Beldyr'), (74, 'Bixbe'), (75, 'Cing'), (3595, 'Skellyton'), (2770, 'Willowisp')]",7471,8588,1293,176
488,Weewitch,[],0,0,9,9
4009,Wellaw,[],0,0,0,0
713,Welt,[],0,0,0,0
489,Werewoof,[],0,0,10,10
2794,Wesbran,[],3,0,0,3
4240,Whartze,[],3,0,0,3
490,Whiskerschan,[],0,0,9,9
3508,Whulfgar,"[(4064, 'Puppyfoot'), (4224, 'Thrix')]",357,0,9,366
3024,Whytwolf,"[(3275, 'Whyt'), (3274, 'Whytel Dayger')]",27,0,3,30
4465,Wicksar,[],1,0,0,1
491,Willies,"[(3447, 'Globe'), (3724, 'Lotion'), (3449, 'Lumen'), (3448, 'Weiner'), (3883, 'Wiener')]",1411,1469,106,48
4351,Willywhoppa,[],141,166,37,12
492,Wimpus,"[(3537, 'Bladegoesin'), (3026, 'Fzzzt'), (2229, 'Weddo')]",9075,9389,554,240
4139,Windhaven,[],0,0,9,9
4477,Winnowill,[],1,0,0,1
4771,Winolili,[],141,100,4,45
547,Wisk,"[(4169, 'Cutiee'), (415, 'Sidewalk')]",57,0,11,68
534,Wismen,[],0,0,0,0
4153,Witchycoo,[],3,0,0,3
533,Wolfgaeng,[],0,0,0,0
2542,Woodchips,"[(2584, 'Bakedchip'), (4970, 'Flutechips'), (2541, 'Picklechips'), (3037, 'Vegetablemedley')]",7274,7655,387,6
3436,Woofshm,[],0,0,9,9
635,Worsthealer,[],0,0,0,0
3029,Wrenwing,"[(3058, 'Karmadon')]",80,25,3,58
494,Wulfrath,[],51,0,16,67
4460,Wuntz,[],1,0,0,1
495,Wurkbench,[],0,84,119,35
4243,Wylaen,"[(4577, 'Galkassisa'), (4576, 'Nillano'), (4850, 'Welaen')]",2468,1796,298,970
496,Xabal,[],3,49,73,27
3091,Xaeric,[],6,0,0,6
3130,Xakhisis,[],0,0,3,3
2466,Xalm,"[(2884, 'Golbez'), (2885, 'Rubicaant'), (2467, 'Vexal')]",1231,946,4,289
497,Xanahi,[],0,0,9,9
3842,Xanathor,[],99,0,0,99
726,Xanfist,[],60,0,0,60
4628,Xanleer,[],3,0,0,3
3076,Xariss,"[(2768, 'Allrana')]",810,524,8,294
3856,Xarthex,"[(4578, 'Beavhiss'), (4212, 'Boomhauuer'), (4022, 'Nottsure'), (4907, 'Peggihil'), (4579, 'Shmarthex')]",3604,3869,370,105
4367,Xatrkorsis,"[(4021, 'Frar')]",3,0,6,9
2823,Xazo,"[(4089, 'Alis'), (2832, 'Darkfalz'), (2824, 'Kaleva'), (2831, 'Morrie'), (4366, 'Noon'), (2833, 'Svitlana'), (4752, 'Tarzimal'), (2958, 'Xazia')]",7447,8851,1494,90
498,Xenaforgod,[],0,0,10,10
2827,Xenimus,"[(527, 'Bhig'), (2826, 'Citation'), (4875, 'Egregore'), (204, 'Gnomeland'), (4338, 'Rlygood')]",3453,3253,20,220
2627,Xerazax,"[(3255, 'Xerazaz'), (4389, 'Xerker'), (3038, 'Xzera')]",9040,10080,1514,474
499,Xerix,[],0,76,169,93
4919,Xexbis,[],3,0,0,3
4950,Xiaxini,[],1,0,0,1
2211,Xinda,[],11,0,0,11
3403,Xkvza,[],201,9,9,201
4531,Xlau,[],12,0,0,12
500,Xoxohth,[],0,42,110,68
3178,Xozx,"[(3179, 'Allcalm')]",15,0,0,15
4100,Xpyre,"[(4101, 'Pytte')]",877,796,51,132
2705,Xtracted,"[(3572, 'Iolus'), (3513, 'Talagan'), (2906, 'Zannathor')]",558,567,9,0
51,Xyram,"[(553, 'Arllidan'), (4848, 'Mundeigh'), (2212, 'Ronove'), (3970, 'Sadderdeigh'), (2531, 'Sundeigh'), (2630, 'Tomorroh'), (80, 'Zuck')]",6431,8016,2237,652
501,Xyrian,[],0,0,3,3
724,Xystus,[],0,0,0,0
502,Xytunes,[],0,600,597,-3
503,Xzorn,[],0,94,198,104
4498,Yagu,"[(4279, 'Burzum'), (4867, 'Gyaru'), (5052, 'Sridevi')]",6064,6555,1096,605
2246,Yankovic,[],3,0,0,3
4085,Yardnome,"[(4086, 'Pleasanly'), (4087, 'Tuckan')]",0,0,0,0
2327,Yarnball,[],20,0,0,20
504,Yasminee,"[(4851, 'Amrah'), (2574, 'Darcboar'), (2641, 'Elennorra'), (2573, 'Fyretress'), (2708, 'Kolbyjac'), (2642, 'Mezzevil')]",21,0,15,36
505,Yezi,[],0,0,7,7
2250,Yimma,[],30,0,0,30
3787,Yindatik,[],6,0,0,6
4653,Yizerzenla,[],222,0,9,231
685,Ynghild,[],0,0,0,0
49,Yrros,"[(61, 'Dalendar'), (62, 'Khuthroht'), (520, 'Renaelia'), (63, 'Yllis')]",277,1293,1136,120
3072,Yuded,[],220,219,3,4
506,Yvey,[],7,0,53,60
2249,Zaffy,[],21,0,6,27
2909,Zakkaz,[],0,3,3,0
507,Zalani,[],0,0,3,3
2775,Zambik,[],15,0,0,15
508,Zanathor,[],0,116,119,3
4920,Zanatos,[],0,0,0,0
3203,Zarrbon,"[(3171, 'Zenona')]",52,0,0,52
3972,Zaseburn,[],3,0,0,3
3786,Zavulon,[],6,0,0,6
4548,Zazkanis,"[(4549, 'Cedrim')]",1901,1548,10,363
3154,Zebadiah,[],0,0,0,0
5011,Zebulun,[],0,0,0,0
3492,Zedek,"[(3531, 'Fatally'), (3545, 'Folio'), (3244, 'Hetjan'), (3533, 'Kebn'), (3532, 'Obiwun'), (3433, 'Qillz'), (3534, 'Spongy'), (3530, 'Steez'), (3794, 'Xybn')]",752,790,92,54
679,Zedikiel,[],0,0,0,0
619,Zedy,[],0,0,0,0
3622,Zeed,[],0,0,0,0
509,Zerya,"[(2224, 'Zissle')]",19,77,69,11
2379,Zetta,[],6,0,0,6
769,Zexe,[],6,0,0,6
3570,Zheroh,[],36,0,9,45
3692,Zidell,[],350,102,17,265
2720,Zieros,[],0,0,0,0
15,Zigzagdreams,"[(2744, 'Zigzagego'), (4201, 'Zigzagmoon'), (556, 'Zigzagwanderer'), (3164, 'Zigzizzy')]",7537,7991,953,499
4226,Zilphia,[],6,0,0,6
510,Zoggren,[],0,14,18,4
511,Zoidbergz,[],0,0,12,12
3823,Zorkois,"[(3855, 'Milesss')]",299,55,9,253
512,Zowie,[],0,0,7,7
705,Zrais,[],0,0,0,0
2973,Zsin,[],1671,1653,9,27
4196,Zyasle,"[(4197, 'Bougie'), (4198, 'Karench')]",276,0,9,285
759,Zynniz,"[(39, 'Troveg'), (478, 'Vanderboz'), (2358, 'Volkur'), (2661, 'Vrexxis')]",1924,2574,1373,723
2492,Zyrain,[],696,599,-97,0
4885,Zyxxif,[],3,0,0,3
2237,Zzeal,[],3,0,0,3
554,Zzz,[],0,0,3,3
